Timestamp,Object_ID,Start_Offset,End_Offset
1232488,95d363d3fbdc0b03,0,1167        
1234545,bfc07f9981aa6a5a,0,527        
1256556,884ba9b0c6d1fe97,0,23871        
1256609,62e8ef215accaabd,0,11375        
1271270,f4cd1bff1180670b,0,8431        
1284814,c01163f44b9f1cf9,0,21567        
1285523,a7937dbf1575dac9,0,211503        
1289368,44684765ac1dc8a3,0,10431        
1289379,3dc5308f5631fe70,0,14511        
1289388,02951e8a047bf923,0,38831        
1291638,16e84bdea110079c,0,18175        
1296306,01b15cfd5cc1f6d6,0,2255        
1296587,668965acf092049f,0,2255        
1310658,a0f27ae258a14290,0,8127        
1318793,bb704b31bceac66a,0,1599        
1386160,a3917dad7a0a5842,0,13743        
1427703,bfc07f9981aa6a5a,0,527        
1461546,242b3540a0d6db29,0,863        
1487926,88dfade5510ee00b,0,591        
1495411,52e95093492246bd,0,527        
1525814,870f0aef1a685ecd,0,14655        
1533087,83954019471d047a,0,1791        
1533408,e92496a7f012411d,0,14927        
1539624,95d363d3fbdc0b03,0,1167        
1539625,3b8255e0609a700d,0,1455        
1540025,68752051536dc95d,0,20239        
1578966,3da835f9d0c38d2b,0,64575        
1600227,50c127034577928a,0,109055        
1603008,948ebcaf3b561149,0,32943        
1605974,c01163f44b9f1cf9,0,21567        
1621394,870f0aef1a685ecd,0,14655        
1638754,f20295351b4b2596,0,1087        
1639232,95d363d3fbdc0b03,0,1167        
1639560,8675317af5de1ff7,0,463        
1640285,5d2e3078db06c2a3,0,959        
1660778,37ef865da8c7396e,0,443455        
1668933,8675317af5de1ff7,0,463        
1763798,636dcc6371676339,0,333471        
1763812,d8e882303a780ba3,0,104031        
1763828,c923b64316e25784,0,133999        
1763835,77cbdc41b90ad290,0,138335        
1765243,e92496a7f012411d,0,14927        
1765258,6eabb0d66b5124bf,0,655        
1791693,c9be8653b126fd71,0,102351        
1799488,9c031a40668130a0,0,11615        
1799489,bf01a6d84ccfa688,0,8543        
1799503,56fb20aec9e1c77e,0,20191        
1799679,4314a82f7a92e287,0,10319        
1807763,2d3070562e3420eb,0,2319        
1808068,7f4877865700076c,0,4543        
1808075,242b3540a0d6db29,0,863        
1811087,77e91effbf6da536,0,14783        
1811091,03be6a9d2cdba073,0,23855        
1811122,0519c55615254b77,0,19407        
1812714,fd789f063efc0fe5,0,15199        
1816453,95d363d3fbdc0b03,0,1167        
1822101,1d8bf5930494379c,0,511        
1822159,93e9d8bc41388729,0,50431        
1822174,18e8ba6f662e1af0,0,50639        
1822344,8d0a059d4d4e730e,0,14847        
1822573,ecbed7ecffa39e06,0,719        
1837917,a3917dad7a0a5842,0,13743        
1838088,fd789f063efc0fe5,0,15199        
1857990,29701a7554328d58,0,3071        
1868757,6d16b33eb5825855,0,1071        
1869204,7f96ca4a1db9577a,0,511        
1871338,d62a5e46ee422069,0,1535        
1880091,ea1603dc108bfff3,0,79775        
1886140,83954019471d047a,0,1791        
1887560,2d3070562e3420eb,0,2319        
1887900,242b3540a0d6db29,0,863        
1891557,d825f816c8b2599b,0,174319        
1900939,2d3070562e3420eb,0,2319        
1934688,0f163f0a3d7e2ced,0,402639        
1989507,6aa6cbc20ecb39f3,0,22303        
1989662,503953651c30e36a,0,10079        
2002763,5d2e3078db06c2a3,0,959        
2018493,b1931d234db705fb,0,127695        
2018518,76c23f87830a9294,0,160175        
2018529,07bdf752aa9f1239,0,102639        
2031553,3584c6f835e25141,0,1471        
2042378,5a3c8f1287a68b64,0,8799        
2051034,83954019471d047a,0,1791        
2051369,6eabb0d66b5124bf,0,655        
2051389,ce51c7d3d042d01b,0,815        
2059734,88dfade5510ee00b,0,591        
2059793,5b98102b35d22c0e,0,815        
2061341,0bdc141615d77561,0,12031        
2061428,fd789f063efc0fe5,0,15199        
2071788,be6dc3ae6a046343,0,1631        
2099347,348b57a99fe90200,0,1391        
2099657,c4ebee583b06d034,0,783        
2119976,1d6ab8e773ac0646,0,22063        
2123143,773e8a04f69a1566,0,1791        
2128586,834e7e122f74378f,0,351        
2128672,2c5e9eda0097ea79,0,959        
2129066,bb9c6e8c85a55c5f,0,927        
2129682,e1ee5bdbdc44968d,0,25327        
2129941,1af6ab8d0d492bae,0,157151        
2134645,bb704b31bceac66a,0,1599        
2135043,5b98102b35d22c0e,0,815        
2135242,ce7cb2714be13b11,0,1327        
2141031,c9c40d62c25f3947,0,41407        
2143977,d86ddbf369cea844,0,101503        
2145276,a0f27ae258a14290,0,8127        
2156137,870f0aef1a685ecd,0,14655        
2163288,ea34207c7a67e66c,0,26415        
2168144,4013180fbce8ee5c,0,655        
2168530,fad910f78a4aad95,0,943        
2176670,1a703538210572f9,0,4991        
2177303,d7a56ad7b853ec07,0,1951        
2185093,71df79a0ae1d967b,0,1343        
2185260,79f5eb92dfef5c1e,0,719        
2187953,1ec107c911b71d48,0,297551        
2190849,16e84bdea110079c,0,18175        
2194512,42294de845ac9d9b,0,1983        
2201796,2008cbc8de43fb7e,0,121423        
2203468,88dfade5510ee00b,0,591        
2217139,6b8dc3a91c90c2f9,0,2927        
2217440,42294de845ac9d9b,0,1983        
2221853,cc8a682651f22c4d,0,58847        
2221855,6ec04c984dd58896,0,85055        
2221957,8afc6bace59401f6,0,72431        
2222466,5d4301fe7e16db65,0,623        
2223466,7f96ca4a1db9577a,0,511        
2223774,88dfade5510ee00b,0,591        
2239045,90e1904194c2366f,0,383        
2239732,587064242dd256f5,0,32863        
2243538,9df0cf3d7c0a5773,0,1878767        
2265233,6eabb0d66b5124bf,0,655        
2265286,773e8a04f69a1566,0,1791        
2265334,4b9b4ea93466e544,0,799        
2265552,d516dbd568cc9930,0,943        
2266243,bfc07f9981aa6a5a,0,527        
2276256,6eabb0d66b5124bf,0,655        
2276389,c51a933d1d83d659,0,3279        
2276392,3584c6f835e25141,0,1471        
2279929,7f96ca4a1db9577a,0,511        
2280308,90579b1b8127fe09,0,14623        
2280656,ce7cb2714be13b11,0,1327        
2280682,4013180fbce8ee5c,0,655        
2281281,1d8bf5930494379c,0,511        
2281281,fad910f78a4aad95,0,943        
2297796,86f70392decfa7f7,0,243359        
2303735,1d8bf5930494379c,0,511        
2323659,8a608c2092dc2e19,0,703        
2326575,a3917dad7a0a5842,0,13743        
2326750,16e84bdea110079c,0,18175        
2340457,e378732f58d8de2b,0,607        
2340696,348b57a99fe90200,0,1391        
2340867,a5b4c8fb18863453,0,607        
2340881,c4ebee583b06d034,0,783        
2352577,83954019471d047a,0,1791        
2352780,52e95093492246bd,0,527        
2352925,83954019471d047a,0,1791        
2353094,c4ebee583b06d034,0,783        
2354022,d7a56ad7b853ec07,0,1951        
2354289,50c127034577928a,0,109055        
2354294,4b9b4ea93466e544,0,799        
2354485,8ff3a435bf758e0c,0,1823        
2354516,dea492d5016288a5,0,927        
2360237,dea492d5016288a5,0,927        
2363663,85130a19b4900e29,0,4015        
2373213,983af8e137bb7a6c,0,2175        
2374277,668965acf092049f,0,2255        
2374641,d3b985259c257453,0,607        
2375223,983af8e137bb7a6c,0,2175        
2375382,85b6777e5d10871c,0,1375        
2389370,c13dba73a91f5d40,0,74543        
2412642,8a608c2092dc2e19,0,703        
2413393,ce51c7d3d042d01b,0,815        
2413470,86f3cc5bca4dfc98,0,3167        
2413653,d516dbd568cc9930,0,943        
2425883,b0c6ac5a0bb12a87,0,1565327        
2428256,c9044cb78eb5fa84,0,607        
2428683,6b8dc3a91c90c2f9,0,2927        
2428990,42294de845ac9d9b,0,1983        
2480312,61a0a63098e8d1ea,0,102255        
2490358,757bbc9842fcaf0b,0,735        
2490455,46e5af4d0b5db8c6,0,2799        
2509490,46e5af4d0b5db8c6,0,2799        
2512847,fd789f063efc0fe5,0,15199        
2512946,16e84bdea110079c,0,18175        
2548594,8a608c2092dc2e19,0,703        
2548955,d62a5e46ee422069,0,1535        
2554757,7de46ef8a074cbb5,0,751        
2555100,7d9e1013868f4f27,0,2063        
2558944,90579b1b8127fe09,0,14623        
2572582,423cab442fe2d2af,0,141503        
2585922,eeec295bdb31d27c,0,511        
2586168,2bd643600dc928e9,0,2127        
2586172,c8381495b74cd1a2,0,658607        
2586385,67b5e5ea148e01c6,0,1263        
2587421,a15144b0d9f9c47e,0,1759        
2603586,c2febd5e5053af77,0,271583        
2603664,d7a9f940646ec4c4,0,354255        
2623073,a3917dad7a0a5842,0,13743        
2625462,515850a37cfd3d7f,0,607        
2625801,2f043034902440ff,0,3839        
2626125,7d9e1013868f4f27,0,2063        
2629266,0bdc141615d77561,0,12031        
2629270,fd789f063efc0fe5,0,15199        
2629354,16e84bdea110079c,0,18175        
2634199,56a36753ef23610d,0,1983        
2634204,b2561f234cdd1568,0,543        
2635264,248db00afdfd2ed3,0,24991        
2635285,fa50a619ecb4a779,0,37199        
2635722,deb447f2c05b5c5a,0,21663        
2635730,f17f66d9807feb26,0,132367        
2639168,e378732f58d8de2b,0,607        
2640092,a5b4c8fb18863453,0,607        
2640117,c4ebee583b06d034,0,783        
2644191,108d1f9ae20738b2,0,2671        
2647396,838dc602cf2f68cb,0,271407        
2655417,7d9e1013868f4f27,0,2063        
2661204,16e84bdea110079c,0,18175        
2664292,e6d49c553ca44196,0,933215        
2664425,e6d49c553ca44196,0,933215        
2670048,515850a37cfd3d7f,0,607        
2670349,72fb1ebeab7fe39a,0,2031        
2687718,56a36753ef23610d,0,1983        
2688697,14b79fa313763bfa,0,1823        
2691807,c97da13fdee904ad,0,383695        
2692077,9681906c637ac4c9,0,511        
2692175,159dfd97da568311,0,623        
2692324,a465a9311aed1389,0,1983        
2692583,2cecd79688769e29,0,1759        
2692679,707c702de2350430,0,1823        
2693164,87ee41655c001464,0,1359        
2701138,52e95093492246bd,0,527        
2704495,a465a9311aed1389,0,1983        
2704693,2cecd79688769e29,0,1759        
2743203,87ee41655c001464,0,1359        
2769020,0bdc141615d77561,0,12031        
2769188,870f0aef1a685ecd,0,14655        
2769194,fd789f063efc0fe5,0,15199        
2781574,a3917dad7a0a5842,0,13743        
2781590,a7937dbf1575dac9,0,211503        
2797287,ee9118e0a9c1a966,0,1303391        
2798286,90579b1b8127fe09,0,14623        
2798522,4013180fbce8ee5c,0,655        
2798730,fad910f78a4aad95,0,943        
2800342,86f3cc5bca4dfc98,0,3167        
2805220,c8c7d5dd1892d1eb,0,26239        
2805442,6b990856517a8ab3,0,99455        
2805525,61a0a63098e8d1ea,0,102255        
2807129,c01163f44b9f1cf9,0,21567        
2808882,bce5f2fc69b92bfd,0,1039        
2809209,31e86dfe87ef266a,0,639        
2809215,a0efb44141b12225,0,783        
2812863,0bdc141615d77561,0,12031        
2817775,f20295351b4b2596,0,1087        
2818112,3b8255e0609a700d,0,1455        
2818418,68752051536dc95d,0,20239        
2818441,a03f8b422caa97df,0,19807        
2818458,cd3e754e3d710b55,0,9423        
2818465,f87dc6cdddb16aab,0,44783        
2818467,d914b4d5336b9698,0,248303        
2818468,61d60f024200f512,0,5071        
2818473,cdba8461c8623005,0,14591        
2818533,3ea252367176f744,0,14207        
2819072,5d2e3078db06c2a3,0,959        
2819281,9cbfa950c335ca40,0,1055        
2820264,fad910f78a4aad95,0,943        
2826069,a5b4c8fb18863453,0,607        
2833124,a7937dbf1575dac9,0,211503        
2857933,a3917dad7a0a5842,0,13743        
2858063,a7937dbf1575dac9,0,211503        
2867146,f20295351b4b2596,0,1087        
2868088,8675317af5de1ff7,0,463        
2868121,50c127034577928a,0,109055        
2868204,4b9b4ea93466e544,0,799        
2868461,8ff3a435bf758e0c,0,1823        
2868988,5d2e3078db06c2a3,0,959        
2870252,7735ab4b841fcb19,0,1103        
2871277,c01163f44b9f1cf9,0,21567        
2875528,95d363d3fbdc0b03,0,1167        
2875694,68752051536dc95d,0,20239        
2875730,773e8a04f69a1566,0,1791        
2875793,4b9b4ea93466e544,0,799        
2888794,6d16b33eb5825855,0,1071        
2889180,bb704b31bceac66a,0,1599        
2889469,9cbfa950c335ca40,0,1055        
2889801,4013180fbce8ee5c,0,655        
2890112,fad910f78a4aad95,0,943        
2890570,4141423cd971a4a7,0,687        
2890866,a99f536942855adf,0,1407        
2890902,8f19e6b27ceb6980,0,1151        
2890905,d9616a6eed99f368,0,7487        
2913456,3b8255e0609a700d,0,1455        
2913803,773e8a04f69a1566,0,1791        
2913833,4b9b4ea93466e544,0,799        
2914484,5d2e3078db06c2a3,0,959        
2919914,f20295351b4b2596,0,1087        
2920646,8675317af5de1ff7,0,463        
2920946,8ff3a435bf758e0c,0,1823        
2941997,23a85cb0e5dec0c9,0,50431        
2942008,2219f757024de52f,0,37215        
2942015,a38113965788e3ad,0,28927        
2942482,6150756161133ced,0,37999        
2942616,1e8a7bfe00a8ae44,0,41039        
2947676,f20295351b4b2596,0,1087        
2948122,95d363d3fbdc0b03,0,1167        
2948740,8ff3a435bf758e0c,0,1823        
2948861,dea492d5016288a5,0,927        
2949032,bfc07f9981aa6a5a,0,527        
2959332,86f3cc5bca4dfc98,0,3167        
2967702,83954019471d047a,0,1791        
2968132,e92496a7f012411d,0,14927        
2969154,07aca94b6065db47,0,65759        
2970953,4b9b4ea93466e544,0,799        
2971279,dea492d5016288a5,0,927        
2987573,5187301612399ad7,0,11487        
2987673,7d441d4ef38efc54,0,65759        
2987686,724b836b04dcaa2a,0,65759        
2987694,48b0abd7b6936045,0,65759        
2987697,615de7ebb121734f,0,734639        
2987715,59a475a3692c7a9b,0,65759        
2987717,61d7278c020e51ad,0,65759        
2990132,501795002228fd5d,0,1791        
2990625,0b5b93a984dc43bd,0,65759        
2990625,d62b767217cb93e4,0,65759        
2990631,890f09959403a602,0,65759        
2990638,89d8fce400fd018b,0,65759        
2990644,42be3424f2f831a2,0,65759        
2990644,a015558095d941ba,0,29439        
2994626,773e8a04f69a1566,0,1791        
2994641,4b9b4ea93466e544,0,799        
2995206,bfc07f9981aa6a5a,0,527        
2997136,700bcd7b626308aa,0,65759        
2997137,4899fdc6c3de6b8c,0,39567        
2997144,5d185640d18258d8,0,10511        
2997145,915151f1b548a3d0,0,65759        
2997147,ef07fbb62ffefb8c,0,65759        
2997161,a68c95f3ee815419,0,22079        
2997170,6dae2a6686de36e2,0,18559        
2997180,988a9ebd8bdb888f,0,65759        
2997230,20bd021c7e75a15c,0,33455        
3023267,f20295351b4b2596,0,1087        
3023517,3b8255e0609a700d,0,1455        
3023517,d7a56ad7b853ec07,0,1951        
3024196,bfc07f9981aa6a5a,0,527        
3029853,fd789f063efc0fe5,0,15199        
3029863,16e84bdea110079c,0,18175        
3030111,f20295351b4b2596,0,1087        
3030365,3b8255e0609a700d,0,1455        
3030608,8675317af5de1ff7,0,463        
3030757,773e8a04f69a1566,0,1791        
3030815,8ff3a435bf758e0c,0,1823        
3031012,dea492d5016288a5,0,927        
3031207,5d2e3078db06c2a3,0,959        
3032423,0bdc141615d77561,0,12031        
3032514,fd789f063efc0fe5,0,15199        
3032529,a7937dbf1575dac9,0,211503        
3032547,870f0aef1a685ecd,0,14655        
3032651,6c837280a235f84f,0,9874911        
3040802,3b8255e0609a700d,0,1455        
3041233,4b9b4ea93466e544,0,799        
3041430,8ff3a435bf758e0c,0,1823        
3041463,71df79a0ae1d967b,0,1343        
3044726,6b3530e17f72c2fe,0,623        
3044811,7f96ca4a1db9577a,0,511        
3045121,9cbfa950c335ca40,0,1055        
3045432,4013180fbce8ee5c,0,655        
3045469,3f8534fc59a08d6a,0,511        
3045746,fad910f78a4aad95,0,943        
3049673,6b3530e17f72c2fe,0,623        
3049807,9cbfa950c335ca40,0,1055        
3049928,ce7cb2714be13b11,0,1327        
3063793,731d4c61ca911f23,0,2927        
3063802,4141423cd971a4a7,0,687        
3064104,bac9571eda8d1afc,0,2431        
3072909,83954019471d047a,0,1791        
3072909,d62a5e46ee422069,0,1535        
3073254,6eabb0d66b5124bf,0,655        
3073273,ce51c7d3d042d01b,0,815        
3080885,4141423cd971a4a7,0,687        
3080886,731d4c61ca911f23,0,2927        
3081177,a99f536942855adf,0,1407        
3090374,fc7314d62aa5b0cc,0,354911        
3092877,1c87bfca58a33d32,0,228879        
3094732,07b8ebfb88fd3ee1,0,23103        
3094863,8a9d0d6104dc0d4d,0,239695        
3100882,07b8ebfb88fd3ee1,0,23103        
3103168,3859d021b57be328,0,607        
3103467,501795002228fd5d,0,1791        
3103757,bac9571eda8d1afc,0,2431        
3110361,cbdbb597508c631d,0,997471        
3111070,d54ab8e073e3deb4,0,527        
3111449,5a4770687ec5af59,0,1503        
3111453,ddac143e9c430a42,0,2047        
3111754,79376e954a2ec6db,0,133567        
3111757,32cbcda1442f8579,0,527        
3114450,c01163f44b9f1cf9,0,21567        
3118462,f20295351b4b2596,0,1087        
3119438,773e8a04f69a1566,0,1791        
3119441,50c127034577928a,0,109055        
3119464,68752051536dc95d,0,20239        
3119600,8ff3a435bf758e0c,0,1823        
3119844,dea492d5016288a5,0,927        
3126197,cdbadc5d7e1942c0,0,44783        
3126259,40d05ff947bea535,0,270639        
3126294,ccc4d86bbe27c7c6,0,44783        
3126295,6bfbe7f83b892659,0,44783        
3126297,ef46f99af3e4d6af,0,25327        
3126312,eb372efd3aae91d9,0,11752591        
3126322,911e4ba31dee998e,0,10543        
3126337,03b690f88674df1a,0,44783        
3126351,7ed363449a278971,0,10959        
3126372,44a7e1d80eab9909,0,38303        
3126380,2ee5fd0b57cbf87b,0,9695        
3126477,3a298037f48af2fb,0,14768879        
3126482,b32215e177382efd,0,17327        
3126486,9040e905ae4c2fda,0,15087        
3126489,bb5e55f8d482877c,0,31375        
3126503,66cad0ebe5d9aa1f,0,44783        
3126526,4de7b42f04073f1c,0,44783        
3126527,cab2a36e8ac31f5e,0,23327        
3126530,3edf73ca75b6354a,0,16735        
3126572,2d5e10b6a418a24a,0,925695        
3128344,fca8fd3aefe2f1ba,0,591        
3128665,cfb57bfff7a0ccb7,0,8815        
3139425,16e84bdea110079c,0,18175        
3139430,a7937dbf1575dac9,0,211503        
3148331,2cea7dccb5bc24cd,0,31039        
3154533,c01163f44b9f1cf9,0,21567        
3155828,6eabb0d66b5124bf,0,655        
3155856,ce51c7d3d042d01b,0,815        
3156096,d516dbd568cc9930,0,943        
3158849,a7937dbf1575dac9,0,211503        
3158852,a3917dad7a0a5842,0,13743        
3158920,870f0aef1a685ecd,0,14655        
3163562,e378732f58d8de2b,0,607        
3163845,52e95093492246bd,0,527        
3163847,348b57a99fe90200,0,1391        
3164203,a5b4c8fb18863453,0,607        
3164385,c4ebee583b06d034,0,783        
3164632,fd789f063efc0fe5,0,15199        
3164633,870f0aef1a685ecd,0,14655        
3164642,a7937dbf1575dac9,0,211503        
3174943,0bdc141615d77561,0,12031        
3174949,fd789f063efc0fe5,0,15199        
3176689,870f0aef1a685ecd,0,14655        
3181085,30ea18a6ab27e88f,0,808351        
3190348,a7ce25768f2c8554,0,4927999        
3190368,6ee472b45c5a33d8,0,15825199        
3191302,927e5a43ecfb078f,0,37201727        
3194740,927e5a43ecfb078f,0,37201727        
3195914,927e5a43ecfb078f,0,37201727        
3209469,90b45639021edd60,0,19871        
3209474,168688d63436006f,0,67279        
3209474,c8c7d5dd1892d1eb,0,26239        
3234123,95d363d3fbdc0b03,0,1167        
3234343,d54ab8e073e3deb4,0,527        
3234721,ddac143e9c430a42,0,2047        
3234828,5a4770687ec5af59,0,1503        
3234860,dea492d5016288a5,0,927        
3235016,32cbcda1442f8579,0,527        
3235073,a502b330f145440b,0,959        
3237870,bfc07f9981aa6a5a,0,527        
3247740,07b8ebfb88fd3ee1,0,23103        
3249697,c01163f44b9f1cf9,0,21567        
3251206,52bee9a219cd3c40,0,37077887        
3253003,b1931d234db705fb,0,127695        
3255123,dbacc6dea8349218,0,719        
3255604,2ac0ada9ddb2b53b,0,1071        
3256001,fc59a6261421b2a8,0,29839        
3256259,7a0d97d965f5a506,0,943        
3261083,57d5673fd6556532,0,383        
3261189,0abbe9f76cece051,0,1551        
3261500,f18f3e480b43cd12,0,751        
3261518,6fb78dbe70eaca99,0,383        
3261566,384bbe2a67c9bba0,0,65759        
3261871,c7556822fa3f16a9,0,479        
3266008,8e42b7f2d04dd9bc,0,676543        
3280388,36c4563ddfcda4d6,0,202815        
3281042,6b3530e17f72c2fe,0,623        
3281353,88dfade5510ee00b,0,591        
3281443,9cbfa950c335ca40,0,1055        
3281793,3f8534fc59a08d6a,0,511        
3281990,1d8bf5930494379c,0,511        
3282067,fad910f78a4aad95,0,943        
3291148,469ff17338177834,0,10620783        
3297379,c01163f44b9f1cf9,0,21567        
3299551,fd789f063efc0fe5,0,15199        
3299636,0bdc141615d77561,0,12031        
3299651,a7937dbf1575dac9,0,211503        
3315318,8a608c2092dc2e19,0,703        
3315692,83954019471d047a,0,1791        
3315693,7735ab4b841fcb19,0,1103        
3316048,ce51c7d3d042d01b,0,815        
3316078,86f3cc5bca4dfc98,0,3167        
3360036,26cb489721d47fd2,0,386363631        
3368461,c01163f44b9f1cf9,0,21567        
3368978,a3917dad7a0a5842,0,13743        
3369011,a7937dbf1575dac9,0,211503        
3369071,4141423cd971a4a7,0,687        
3369389,8f19e6b27ceb6980,0,1151        
3369390,bac9571eda8d1afc,0,2431        
3376411,7f96ca4a1db9577a,0,511        
3376494,bb704b31bceac66a,0,1599        
3376719,88dfade5510ee00b,0,591        
3376740,9cbfa950c335ca40,0,1055        
3376855,ce7cb2714be13b11,0,1327        
3376942,3f8534fc59a08d6a,0,511        
3377045,fad910f78a4aad95,0,943        
3389589,52bee9a219cd3c40,0,37077887        
3390302,c01163f44b9f1cf9,0,21567        
3391300,0b5460741e92c1c6,0,166879        
3391307,d825f816c8b2599b,0,174319        
3391395,a0e7315187a03a28,0,157759        
3391396,b1931d234db705fb,0,127695        
3394283,a99f536942855adf,0,1407        
3394300,bac9571eda8d1afc,0,2431        
3395113,8a608c2092dc2e19,0,703        
3395532,d62a5e46ee422069,0,1535        
3395963,ce51c7d3d042d01b,0,815        
3403928,e398758ca99d54b9,0,2795775        
3409923,36cb23facdeb12a0,0,614944799        
3410305,ba53d644ce7d91cf,0,201599        
3411066,84e0e4473746643c,0,206815        
3412289,a57cd1b720a91345,0,881023        
3415202,8a608c2092dc2e19,0,703        
3415659,7735ab4b841fcb19,0,1103        
3415990,ce51c7d3d042d01b,0,815        
3416245,d516dbd568cc9930,0,943        
3438628,2f1501b8202630d4,0,12543        
3446205,2f1501b8202630d4,0,12543        
3460821,f20295351b4b2596,0,1087        
3461031,6b3530e17f72c2fe,0,623        
3461330,90579b1b8127fe09,0,14623        
3461374,9cbfa950c335ca40,0,1055        
3461379,6d16b33eb5825855,0,1071        
3461564,50c127034577928a,0,109055        
3461584,5b98102b35d22c0e,0,815        
3461625,ce7cb2714be13b11,0,1327        
3461670,68752051536dc95d,0,20239        
3461757,773e8a04f69a1566,0,1791        
3461786,4b9b4ea93466e544,0,799        
3461891,7f96ca4a1db9577a,0,511        
3461928,1d8bf5930494379c,0,511        
3461967,8ff3a435bf758e0c,0,1823        
3462085,9cbfa950c335ca40,0,1055        
3462131,ce7cb2714be13b11,0,1327        
3462272,3f8534fc59a08d6a,0,511        
3462295,71df79a0ae1d967b,0,1343        
3462350,dea492d5016288a5,0,927        
3462357,1d8bf5930494379c,0,511        
3462397,fad910f78a4aad95,0,943        
3462710,5d2e3078db06c2a3,0,959        
3480121,15e6320b2a55d866,0,2614047        
3486492,2624de8096ee4fe3,0,20547903        
3486696,8a608c2092dc2e19,0,703        
3486817,8afc6bace59401f6,0,72431        
3486823,6ec04c984dd58896,0,85055        
3486853,3e43b65a77d3d788,0,112863        
3486857,cc8a682651f22c4d,0,58847        
3487109,d62a5e46ee422069,0,1535        
3487657,d516dbd568cc9930,0,943        
3488208,041daf14b8ccf680,0,267194815        
3489109,2624de8096ee4fe3,0,20547903        
3493357,c01163f44b9f1cf9,0,21567        
3493761,0bdc141615d77561,0,12031        
3493765,870f0aef1a685ecd,0,14655        
3493767,16e84bdea110079c,0,18175        
3493769,fd789f063efc0fe5,0,15199        
3493860,041daf14b8ccf680,0,267194815        
3496761,2624de8096ee4fe3,0,20547903        
3498069,0ea6a32a08059986,0,575        
3498133,041daf14b8ccf680,0,267194815        
3498435,051bdb1ec8fe0704,0,7487        
3498489,041daf14b8ccf680,0,267194815        
3502970,e8c25b7e58fea0da,0,151063599        
3505790,02582fc453c84a23,0,356943        
3508251,7ff0be07909224d6,0,382396799        
3509023,7ff0be07909224d6,0,382396799        
3509054,6d16b33eb5825855,0,1071        
3509367,e8c567fb42c8f38d,0,822991        
3509562,88dfade5510ee00b,0,591        
3509755,4013180fbce8ee5c,0,655        
3509879,1d8bf5930494379c,0,511        
3510350,7ff0be07909224d6,0,382396799        
3510365,87f5e80fc01b33d8,0,56783327        
3511003,7ff0be07909224d6,0,382396799        
3512689,60e8e015ff9dd00e,0,822991        
3513209,7ff0be07909224d6,0,382396799        
3515558,3859d021b57be328,0,607        
3516042,501795002228fd5d,0,1791        
3516042,731d4c61ca911f23,0,2927        
3516392,8f19e6b27ceb6980,0,1151        
3516549,8a608c2092dc2e19,0,703        
3517048,e92496a7f012411d,0,14927        
3517053,6eabb0d66b5124bf,0,655        
3517109,86f3cc5bca4dfc98,0,3167        
3517113,ce51c7d3d042d01b,0,815        
3517250,87f5e80fc01b33d8,0,56783327        
3517297,d516dbd568cc9930,0,943        
3518384,7ff0be07909224d6,0,382396799        
3521254,7ff0be07909224d6,0,382396799        
3522836,7ff0be07909224d6,0,382396799        
3526999,7ff0be07909224d6,0,382396799        
3527470,5f2e192784572252,0,12294255        
3528581,7ff0be07909224d6,0,382396799        
3529337,2624de8096ee4fe3,0,20547903        
3530008,2624de8096ee4fe3,0,20547903        
3530485,87f5e80fc01b33d8,0,56783327        
3530617,868eb5749bcecf84,0,239440351        
3530775,87f5e80fc01b33d8,0,56783327        
3530834,87f5e80fc01b33d8,0,56783327        
3531017,2624de8096ee4fe3,0,20547903        
3531084,87f5e80fc01b33d8,0,56783327        
3531397,87f5e80fc01b33d8,0,56783327        
3531490,87f5e80fc01b33d8,0,56783327        
3531650,868eb5749bcecf84,0,239440351        
3531713,87f5e80fc01b33d8,0,56783327        
3531785,87f5e80fc01b33d8,0,56783327        
3532422,87f5e80fc01b33d8,0,56783327        
3532683,87f5e80fc01b33d8,0,56783327        
3532757,87f5e80fc01b33d8,0,56783327        
3532974,87f5e80fc01b33d8,0,56783327        
3533600,87f5e80fc01b33d8,0,56783327        
3533763,87f5e80fc01b33d8,0,56783327        
3534089,483984dcf368e556,0,284095        
3534109,5f2e192784572252,0,12294255        
3534849,041daf14b8ccf680,0,267194815        
3534963,041daf14b8ccf680,0,267194815        
3535148,041daf14b8ccf680,0,267194815        
3535290,041daf14b8ccf680,0,267194815        
3535432,041daf14b8ccf680,0,267194815        
3535485,041daf14b8ccf680,0,267194815        
3535531,041daf14b8ccf680,0,267194815        
3535774,041daf14b8ccf680,0,267194815        
3536079,041daf14b8ccf680,0,267194815        
3536418,041daf14b8ccf680,0,267194815        
3536467,041daf14b8ccf680,0,267194815        
3536748,041daf14b8ccf680,0,267194815        
3537085,041daf14b8ccf680,0,267194815        
3537120,a3917dad7a0a5842,0,13743        
3537121,870f0aef1a685ecd,0,14655        
3537127,16e84bdea110079c,0,18175        
3537128,a7937dbf1575dac9,0,211503        
3537385,041daf14b8ccf680,0,267194815        
3537632,041daf14b8ccf680,0,267194815        
3537732,041daf14b8ccf680,0,267194815        
3537981,868eb5749bcecf84,0,239440351        
3538081,041daf14b8ccf680,0,267194815        
3538375,041daf14b8ccf680,0,267194815        
3539009,041daf14b8ccf680,0,267194815        
3539220,868eb5749bcecf84,0,239440351        
3539275,041daf14b8ccf680,0,267194815        
3539610,041daf14b8ccf680,0,267194815        
3539839,868eb5749bcecf84,0,239440351        
3539894,041daf14b8ccf680,0,267194815        
3540196,041daf14b8ccf680,0,267194815        
3540491,868eb5749bcecf84,0,239440351        
3540825,041daf14b8ccf680,0,267194815        
3541159,041daf14b8ccf680,0,267194815        
3541221,041daf14b8ccf680,0,267194815        
3541419,868eb5749bcecf84,0,239440351        
3541795,041daf14b8ccf680,0,267194815        
3542042,868eb5749bcecf84,0,239440351        
3542115,041daf14b8ccf680,0,267194815        
3542411,041daf14b8ccf680,0,267194815        
3542434,041daf14b8ccf680,0,267194815        
3542662,041daf14b8ccf680,0,267194815        
3542731,041daf14b8ccf680,0,267194815        
3542964,868eb5749bcecf84,0,239440351        
3543067,041daf14b8ccf680,0,267194815        
3543678,041daf14b8ccf680,0,267194815        
3543737,041daf14b8ccf680,0,267194815        
3543856,868eb5749bcecf84,0,239440351        
3544168,868eb5749bcecf84,0,239440351        
3544271,041daf14b8ccf680,0,267194815        
3544373,041daf14b8ccf680,0,267194815        
3544555,041daf14b8ccf680,0,267194815        
3544617,041daf14b8ccf680,0,267194815        
3544964,041daf14b8ccf680,0,267194815        
3545186,041daf14b8ccf680,0,267194815        
3545500,041daf14b8ccf680,0,267194815        
3545833,041daf14b8ccf680,0,267194815        
3545890,041daf14b8ccf680,0,267194815        
3546120,041daf14b8ccf680,0,267194815        
3546153,041daf14b8ccf680,0,267194815        
3546224,041daf14b8ccf680,0,267194815        
3546558,041daf14b8ccf680,0,267194815        
3546726,041daf14b8ccf680,0,267194815        
3546748,041daf14b8ccf680,0,267194815        
3547246,87f5e80fc01b33d8,0,56783327        
3547336,041daf14b8ccf680,0,267194815        
3547343,041daf14b8ccf680,0,267194815        
3547645,041daf14b8ccf680,0,267194815        
3547646,041daf14b8ccf680,0,267194815        
3547757,041daf14b8ccf680,0,267194815        
3547964,041daf14b8ccf680,0,267194815        
3548260,041daf14b8ccf680,0,267194815        
3548355,041daf14b8ccf680,0,267194815        
3548363,4a245c0a54bc7ac0,0,424214815        
3548882,041daf14b8ccf680,0,267194815        
3548974,041daf14b8ccf680,0,267194815        
3549194,041daf14b8ccf680,0,267194815        
3549261,041daf14b8ccf680,0,267194815        
3549493,041daf14b8ccf680,0,267194815        
3549503,041daf14b8ccf680,0,267194815        
3549810,041daf14b8ccf680,0,267194815        
3550111,041daf14b8ccf680,0,267194815        
3550135,041daf14b8ccf680,0,267194815        
3550181,95d363d3fbdc0b03,0,1167        
3550408,d9bd392afd8081ec,0,936575        
3550492,68752051536dc95d,0,20239        
3550512,4b9b4ea93466e544,0,799        
3550676,7ff0be07909224d6,0,382396799        
3550769,71df79a0ae1d967b,0,1343        
3550807,dea492d5016288a5,0,927        
3550925,d9bd392afd8081ec,0,936575        
3550978,7ff0be07909224d6,0,382396799        
3551001,bfc07f9981aa6a5a,0,527        
3551062,5d2e3078db06c2a3,0,959        
3551190,7ff0be07909224d6,0,382396799        
3551307,7ff0be07909224d6,0,382396799        
3551614,7ff0be07909224d6,0,382396799        
3551818,7ff0be07909224d6,0,382396799        
3551911,7ff0be07909224d6,0,382396799        
3552215,7ff0be07909224d6,0,382396799        
3552509,7ff0be07909224d6,0,382396799        
3552536,7ff0be07909224d6,0,382396799        
3552620,7ff0be07909224d6,0,382396799        
3552832,7ff0be07909224d6,0,382396799        
3552842,7ff0be07909224d6,0,382396799        
3552953,7ff0be07909224d6,0,382396799        
3553155,7ff0be07909224d6,0,382396799        
3553263,7ff0be07909224d6,0,382396799        
3553486,7ff0be07909224d6,0,382396799        
3553532,7ff0be07909224d6,0,382396799        
3554470,7ff0be07909224d6,0,382396799        
3554719,7ff0be07909224d6,0,382396799        
3554798,7ff0be07909224d6,0,382396799        
3554814,7ff0be07909224d6,0,382396799        
3555086,87f5e80fc01b33d8,0,56783327        
3555151,7ff0be07909224d6,0,382396799        
3555367,7ff0be07909224d6,0,382396799        
3555733,7ff0be07909224d6,0,382396799        
3556089,7ff0be07909224d6,0,382396799        
3556100,7ff0be07909224d6,0,382396799        
3556336,7ff0be07909224d6,0,382396799        
3556396,7ff0be07909224d6,0,382396799        
3556636,7ff0be07909224d6,0,382396799        
3556792,7ff0be07909224d6,0,382396799        
3557047,7ff0be07909224d6,0,382396799        
3557098,7ff0be07909224d6,0,382396799        
3557550,7ff0be07909224d6,0,382396799        
3557737,7ff0be07909224d6,0,382396799        
3557787,7ff0be07909224d6,0,382396799        
3557879,7ff0be07909224d6,0,382396799        
3558023,7ff0be07909224d6,0,382396799        
3558137,7ff0be07909224d6,0,382396799        
3558328,7ff0be07909224d6,0,382396799        
3558767,7ff0be07909224d6,0,382396799        
3558885,7ff0be07909224d6,0,382396799        
3559328,7ff0be07909224d6,0,382396799        
3559375,7ff0be07909224d6,0,382396799        
3559607,7ff0be07909224d6,0,382396799        
3559841,7ff0be07909224d6,0,382396799        
3559922,7ff0be07909224d6,0,382396799        
3560130,7ff0be07909224d6,0,382396799        
3560727,7ff0be07909224d6,0,382396799        
3560816,7ff0be07909224d6,0,382396799        
3561021,7ff0be07909224d6,0,382396799        
3561356,7ff0be07909224d6,0,382396799        
3561676,7ff0be07909224d6,0,382396799        
3561996,7ff0be07909224d6,0,382396799        
3562016,7ff0be07909224d6,0,382396799        
3562219,7ff0be07909224d6,0,382396799        
3562339,7ff0be07909224d6,0,382396799        
3562531,7ff0be07909224d6,0,382396799        
3562918,7ff0be07909224d6,0,382396799        
3562992,7ff0be07909224d6,0,382396799        
3563182,7ff0be07909224d6,0,382396799        
3563209,7ff0be07909224d6,0,382396799        
3563779,7ff0be07909224d6,0,382396799        
3563789,7ff0be07909224d6,0,382396799        
3563941,7ff0be07909224d6,0,382396799        
3564201,4a245c0a54bc7ac0,0,424214815        
3564236,7ff0be07909224d6,0,382396799        
3564396,7ff0be07909224d6,0,382396799        
3564404,7ff0be07909224d6,0,382396799        
3564518,4a245c0a54bc7ac0,0,424214815        
3564693,7ff0be07909224d6,0,382396799        
3564706,7ff0be07909224d6,0,382396799        
3565007,7ff0be07909224d6,0,382396799        
3565017,7ff0be07909224d6,0,382396799        
3565170,4a245c0a54bc7ac0,0,424214815        
3565306,7ff0be07909224d6,0,382396799        
3565328,7ff0be07909224d6,0,382396799        
3565772,7ff0be07909224d6,0,382396799        
3565791,4a245c0a54bc7ac0,0,424214815        
3565934,7ff0be07909224d6,0,382396799        
3566086,7ff0be07909224d6,0,382396799        
3566139,4a245c0a54bc7ac0,0,424214815        
3566386,7ff0be07909224d6,0,382396799        
3566555,7ff0be07909224d6,0,382396799        
3566869,7ff0be07909224d6,0,382396799        
3567031,7ff0be07909224d6,0,382396799        
3567312,7ff0be07909224d6,0,382396799        
3567494,4a245c0a54bc7ac0,0,424214815        
3567527,7ff0be07909224d6,0,382396799        
3567787,7ff0be07909224d6,0,382396799        
3567805,4a245c0a54bc7ac0,0,424214815        
3567908,7ff0be07909224d6,0,382396799        
3568087,f20295351b4b2596,0,1087        
3568280,7ff0be07909224d6,0,382396799        
3568351,3b8255e0609a700d,0,1455        
3568458,4a245c0a54bc7ac0,0,424214815        
3568601,7ff0be07909224d6,0,382396799        
3568610,8675317af5de1ff7,0,463        
3568634,4b9b4ea93466e544,0,799        
3568635,773e8a04f69a1566,0,1791        
3568712,7ff0be07909224d6,0,382396799        
3568866,8ff3a435bf758e0c,0,1823        
3568998,7ff0be07909224d6,0,382396799        
3569127,bfc07f9981aa6a5a,0,527        
3569153,7ff0be07909224d6,0,382396799        
3569173,5d2e3078db06c2a3,0,959        
3569379,7ff0be07909224d6,0,382396799        
3569390,7ff0be07909224d6,0,382396799        
3569412,f20295351b4b2596,0,1087        
3569457,4a245c0a54bc7ac0,0,424214815        
3569568,7ff0be07909224d6,0,382396799        
3569722,7ff0be07909224d6,0,382396799        
3569864,95d363d3fbdc0b03,0,1167        
3569881,7ff0be07909224d6,0,382396799        
3570045,7ff0be07909224d6,0,382396799        
3570196,7ff0be07909224d6,0,382396799        
3570231,773e8a04f69a1566,0,1791        
3570247,4b9b4ea93466e544,0,799        
3570345,7ff0be07909224d6,0,382396799        
3570453,4a245c0a54bc7ac0,0,424214815        
3570477,8ff3a435bf758e0c,0,1823        
3570543,71df79a0ae1d967b,0,1343        
3570889,5d2e3078db06c2a3,0,959        
3571121,7ff0be07909224d6,0,382396799        
3571437,4a245c0a54bc7ac0,0,424214815        
3571438,7ff0be07909224d6,0,382396799        
3571568,7ff0be07909224d6,0,382396799        
3571599,7ff0be07909224d6,0,382396799        
3571753,7ff0be07909224d6,0,382396799        
3571859,7ff0be07909224d6,0,382396799        
3571861,7ff0be07909224d6,0,382396799        
3572156,7ff0be07909224d6,0,382396799        
3572179,7ff0be07909224d6,0,382396799        
3572327,4a245c0a54bc7ac0,0,424214815        
3572454,7ff0be07909224d6,0,382396799        
3572751,7ff0be07909224d6,0,382396799        
3572774,7ff0be07909224d6,0,382396799        
3572809,7ff0be07909224d6,0,382396799        
3573019,4a245c0a54bc7ac0,0,424214815        
3573088,7ff0be07909224d6,0,382396799        
3573090,7ff0be07909224d6,0,382396799        
3573137,7ff0be07909224d6,0,382396799        
3573381,7ff0be07909224d6,0,382396799        
3573392,7ff0be07909224d6,0,382396799        
3573622,868eb5749bcecf84,0,239440351        
3573669,7ff0be07909224d6,0,382396799        
3573827,87f5e80fc01b33d8,0,56783327        
3573862,868eb5749bcecf84,0,239440351        
3573966,868eb5749bcecf84,0,239440351        
3574049,4a245c0a54bc7ac0,0,424214815        
3574193,868eb5749bcecf84,0,239440351        
3574252,868eb5749bcecf84,0,239440351        
3574924,868eb5749bcecf84,0,239440351        
3575234,868eb5749bcecf84,0,239440351        
3575340,868eb5749bcecf84,0,239440351        
3575525,868eb5749bcecf84,0,239440351        
3575535,868eb5749bcecf84,0,239440351        
3575864,868eb5749bcecf84,0,239440351        
3576154,868eb5749bcecf84,0,239440351        
3576155,868eb5749bcecf84,0,239440351        
3576276,868eb5749bcecf84,0,239440351        
3576460,868eb5749bcecf84,0,239440351        
3576467,868eb5749bcecf84,0,239440351        
3576557,868eb5749bcecf84,0,239440351        
3576782,868eb5749bcecf84,0,239440351        
3576850,868eb5749bcecf84,0,239440351        
3577394,868eb5749bcecf84,0,239440351        
3577810,868eb5749bcecf84,0,239440351        
3578138,868eb5749bcecf84,0,239440351        
3578321,868eb5749bcecf84,0,239440351        
3578353,868eb5749bcecf84,0,239440351        
3578430,868eb5749bcecf84,0,239440351        
3578430,fd789f063efc0fe5,0,15199        
3578431,0bdc141615d77561,0,12031        
3578519,870f0aef1a685ecd,0,14655        
3578520,16e84bdea110079c,0,18175        
3578558,a7937dbf1575dac9,0,211503        
3578667,868eb5749bcecf84,0,239440351        
3578734,868eb5749bcecf84,0,239440351        
3578943,868eb5749bcecf84,0,239440351        
3579000,868eb5749bcecf84,0,239440351        
3579244,868eb5749bcecf84,0,239440351        
3579303,868eb5749bcecf84,0,239440351        
3579541,868eb5749bcecf84,0,239440351        
3579592,868eb5749bcecf84,0,239440351        
3579824,868eb5749bcecf84,0,239440351        
3580413,868eb5749bcecf84,0,239440351        
3580995,868eb5749bcecf84,0,239440351        
3581287,868eb5749bcecf84,0,239440351        
3581459,870f0aef1a685ecd,0,14655        
3581459,fd789f063efc0fe5,0,15199        
3581467,16e84bdea110079c,0,18175        
3581538,868eb5749bcecf84,0,239440351        
3581807,868eb5749bcecf84,0,239440351        
3582341,449b7706704a240c,0,8767        
3582423,868eb5749bcecf84,0,239440351        
3582493,868eb5749bcecf84,0,239440351        
3582712,868eb5749bcecf84,0,239440351        
3582816,868eb5749bcecf84,0,239440351        
3582842,87f5e80fc01b33d8,0,56783327        
3583329,868eb5749bcecf84,0,239440351        
3583600,868eb5749bcecf84,0,239440351        
3584213,868eb5749bcecf84,0,239440351        
3584237,868eb5749bcecf84,0,239440351        
3584518,868eb5749bcecf84,0,239440351        
3584822,868eb5749bcecf84,0,239440351        
3585060,868eb5749bcecf84,0,239440351        
3585111,868eb5749bcecf84,0,239440351        
3585172,868eb5749bcecf84,0,239440351        
3585391,868eb5749bcecf84,0,239440351        
3585440,868eb5749bcecf84,0,239440351        
3585463,3b8255e0609a700d,0,1455        
3585463,95d363d3fbdc0b03,0,1167        
3585746,773e8a04f69a1566,0,1791        
3585746,868eb5749bcecf84,0,239440351        
3585751,4b9b4ea93466e544,0,799        
3586011,8ff3a435bf758e0c,0,1823        
3586018,868eb5749bcecf84,0,239440351        
3586071,868eb5749bcecf84,0,239440351        
3586274,bfc07f9981aa6a5a,0,527        
3586564,868eb5749bcecf84,0,239440351        
3586710,868eb5749bcecf84,0,239440351        
3586888,868eb5749bcecf84,0,239440351        
3587266,868eb5749bcecf84,0,239440351        
3587578,868eb5749bcecf84,0,239440351        
3587748,868eb5749bcecf84,0,239440351        
3588593,ac8345548eda7ba7,0,20556399        
3588882,ac8345548eda7ba7,0,20556399        
3589173,ac8345548eda7ba7,0,20556399        
3589297,ac8345548eda7ba7,0,20556399        
3589298,87f5e80fc01b33d8,0,56783327        
3589581,4a245c0a54bc7ac0,0,424214815        
3589918,4a245c0a54bc7ac0,0,424214815        
3590058,4a245c0a54bc7ac0,0,424214815        
3590233,4a245c0a54bc7ac0,0,424214815        
3590300,4a245c0a54bc7ac0,0,424214815        
3590586,4a245c0a54bc7ac0,0,424214815        
3590891,4a245c0a54bc7ac0,0,424214815        
3591189,4a245c0a54bc7ac0,0,424214815        
3591201,4a245c0a54bc7ac0,0,424214815        
3591261,4a245c0a54bc7ac0,0,424214815        
3591563,4a245c0a54bc7ac0,0,424214815        
3591909,4a245c0a54bc7ac0,0,424214815        
3592205,4a245c0a54bc7ac0,0,424214815        
3592512,4a245c0a54bc7ac0,0,424214815        
3592782,4a245c0a54bc7ac0,0,424214815        
3592843,4a245c0a54bc7ac0,0,424214815        
3593106,4a245c0a54bc7ac0,0,424214815        
3593212,4a245c0a54bc7ac0,0,424214815        
3593397,4a245c0a54bc7ac0,0,424214815        
3593498,4a245c0a54bc7ac0,0,424214815        
3593729,4a245c0a54bc7ac0,0,424214815        
3593817,483984dcf368e556,0,284095        
3594101,4a245c0a54bc7ac0,0,424214815        
3594127,4a245c0a54bc7ac0,0,424214815        
3594150,041daf14b8ccf680,0,267194815        
3594697,4a245c0a54bc7ac0,0,424214815        
3594706,4a245c0a54bc7ac0,0,424214815        
3594709,4a245c0a54bc7ac0,0,424214815        
3595067,4a245c0a54bc7ac0,0,424214815        
3595367,4a245c0a54bc7ac0,0,424214815        
3595377,4a245c0a54bc7ac0,0,424214815        
3595633,4a245c0a54bc7ac0,0,424214815        
3596063,4a245c0a54bc7ac0,0,424214815        
3596360,4a245c0a54bc7ac0,0,424214815        
3596384,4a245c0a54bc7ac0,0,424214815        
3596394,d62a5e46ee422069,0,1535        
3596494,83954019471d047a,0,1791        
3596644,4a245c0a54bc7ac0,0,424214815        
3596661,4a245c0a54bc7ac0,0,424214815        
3596815,86f3cc5bca4dfc98,0,3167        
3596964,4a245c0a54bc7ac0,0,424214815        
3597002,4a245c0a54bc7ac0,0,424214815        
3597300,4a245c0a54bc7ac0,0,424214815        
3597304,4a245c0a54bc7ac0,0,424214815        
3597594,4a245c0a54bc7ac0,0,424214815        
3597596,4a245c0a54bc7ac0,0,424214815        
3597600,4a245c0a54bc7ac0,0,424214815        
3597912,4a245c0a54bc7ac0,0,424214815        
3598195,4a245c0a54bc7ac0,0,424214815        
3598240,4a245c0a54bc7ac0,0,424214815        
3598252,4a245c0a54bc7ac0,0,424214815        
3598564,4a245c0a54bc7ac0,0,424214815        
3598823,4a245c0a54bc7ac0,0,424214815        
3598856,4a245c0a54bc7ac0,0,424214815        
3599136,4a245c0a54bc7ac0,0,424214815        
3599196,4a245c0a54bc7ac0,0,424214815        
3599529,4a245c0a54bc7ac0,0,424214815        
3599621,4a245c0a54bc7ac0,0,424214815        
3600395,4a245c0a54bc7ac0,0,424214815        
3600485,4a245c0a54bc7ac0,0,424214815        
3601026,4a245c0a54bc7ac0,0,424214815        
3601114,4a245c0a54bc7ac0,0,424214815        
3601130,4a245c0a54bc7ac0,0,424214815        
3601448,c01163f44b9f1cf9,0,21567        
3601733,4a245c0a54bc7ac0,0,424214815        
3601951,6b990856517a8ab3,0,99455        
3601953,61a0a63098e8d1ea,0,102255        
3601953,8a9d0d6104dc0d4d,0,239695        
3601971,4a245c0a54bc7ac0,0,424214815        
3602000,4a245c0a54bc7ac0,0,424214815        
3602052,041daf14b8ccf680,0,267194815        
3602096,4a245c0a54bc7ac0,0,424214815        
3602305,4a245c0a54bc7ac0,0,424214815        
3602360,4a245c0a54bc7ac0,0,424214815        
3602412,4a245c0a54bc7ac0,0,424214815        
3602627,4a245c0a54bc7ac0,0,424214815        
3602675,4a245c0a54bc7ac0,0,424214815        
3602701,4a245c0a54bc7ac0,0,424214815        
3602903,4a245c0a54bc7ac0,0,424214815        
3602922,fa8470222ef95a77,0,2614047        
3602982,4a245c0a54bc7ac0,0,424214815        
3603023,4a245c0a54bc7ac0,0,424214815        
3603241,4a245c0a54bc7ac0,0,424214815        
3603314,4a245c0a54bc7ac0,0,424214815        
3603330,4a245c0a54bc7ac0,0,424214815        
3603590,4a245c0a54bc7ac0,0,424214815        
3603613,4a245c0a54bc7ac0,0,424214815        
3603623,4a245c0a54bc7ac0,0,424214815        
3603874,4a245c0a54bc7ac0,0,424214815        
3603931,4a245c0a54bc7ac0,0,424214815        
3603964,4a245c0a54bc7ac0,0,424214815        
3604175,4a245c0a54bc7ac0,0,424214815        
3604240,4a245c0a54bc7ac0,0,424214815        
3604277,4a245c0a54bc7ac0,0,424214815        
3604493,4a245c0a54bc7ac0,0,424214815        
3604558,4a245c0a54bc7ac0,0,424214815        
3604574,4a245c0a54bc7ac0,0,424214815        
3604651,b98fd7a89ffc736c,0,12036303        
3604804,4a245c0a54bc7ac0,0,424214815        
3604888,4a245c0a54bc7ac0,0,424214815        
3604898,4a245c0a54bc7ac0,0,424214815        
3605155,4a245c0a54bc7ac0,0,424214815        
3605254,4a245c0a54bc7ac0,0,424214815        
3605268,4a245c0a54bc7ac0,0,424214815        
3605562,4a245c0a54bc7ac0,0,424214815        
3605585,4a245c0a54bc7ac0,0,424214815        
3605610,4a245c0a54bc7ac0,0,424214815        
3605711,52bee9a219cd3c40,0,37077887        
3605887,4a245c0a54bc7ac0,0,424214815        
3605903,4a245c0a54bc7ac0,0,424214815        
3605911,4a245c0a54bc7ac0,0,424214815        
3606160,4a245c0a54bc7ac0,0,424214815        
3606196,4a245c0a54bc7ac0,0,424214815        
3606222,4a245c0a54bc7ac0,0,424214815        
3606257,78d0b0366d656ad6,0,2614047        
3606478,4a245c0a54bc7ac0,0,424214815        
3606501,4a245c0a54bc7ac0,0,424214815        
3606520,4a245c0a54bc7ac0,0,424214815        
3606628,b1931d234db705fb,0,127695        
3606764,4a245c0a54bc7ac0,0,424214815        
3606816,4a245c0a54bc7ac0,0,424214815        
3606824,4a245c0a54bc7ac0,0,424214815        
3606961,76c23f87830a9294,0,160175        
3607077,4a245c0a54bc7ac0,0,424214815        
3607113,4a245c0a54bc7ac0,0,424214815        
3607129,4a245c0a54bc7ac0,0,424214815        
3607141,a0e7315187a03a28,0,157759        
3607148,471f96551b5dcbcf,0,177823        
3607386,4a245c0a54bc7ac0,0,424214815        
3607425,4a245c0a54bc7ac0,0,424214815        
3607432,4a245c0a54bc7ac0,0,424214815        
3607690,0b5460741e92c1c6,0,166879        
3607727,4a245c0a54bc7ac0,0,424214815        
3607735,4a245c0a54bc7ac0,0,424214815        
3607742,4a245c0a54bc7ac0,0,424214815        
3607791,d825f816c8b2599b,0,174319        
3607900,b98fd7a89ffc736c,0,12036303        
3607994,4a245c0a54bc7ac0,0,424214815        
3608027,4a245c0a54bc7ac0,0,424214815        
3608067,4a245c0a54bc7ac0,0,424214815        
3608290,4a245c0a54bc7ac0,0,424214815        
3608304,4a245c0a54bc7ac0,0,424214815        
3608364,4a245c0a54bc7ac0,0,424214815        
3608449,afbf01a4c4427c41,0,150959        
3608454,07bdf752aa9f1239,0,102639        
3608552,4a245c0a54bc7ac0,0,424214815        
3608593,4a245c0a54bc7ac0,0,424214815        
3608655,4a245c0a54bc7ac0,0,424214815        
3608890,4a245c0a54bc7ac0,0,424214815        
3608902,4a245c0a54bc7ac0,0,424214815        
3608951,4a245c0a54bc7ac0,0,424214815        
3608985,818138504325ae6c,0,159391        
3609183,4a245c0a54bc7ac0,0,424214815        
3609207,4a245c0a54bc7ac0,0,424214815        
3609235,4a245c0a54bc7ac0,0,424214815        
3609477,4a245c0a54bc7ac0,0,424214815        
3609531,4a245c0a54bc7ac0,0,424214815        
3609543,4a245c0a54bc7ac0,0,424214815        
3609753,4a245c0a54bc7ac0,0,424214815        
3609807,4a245c0a54bc7ac0,0,424214815        
3609821,4a245c0a54bc7ac0,0,424214815        
3610045,4a245c0a54bc7ac0,0,424214815        
3610115,4a245c0a54bc7ac0,0,424214815        
3610142,4a245c0a54bc7ac0,0,424214815        
3610291,041daf14b8ccf680,0,267194815        
3610341,4a245c0a54bc7ac0,0,424214815        
3610406,4a245c0a54bc7ac0,0,424214815        
3610437,4a245c0a54bc7ac0,0,424214815        
3610646,4a245c0a54bc7ac0,0,424214815        
3610724,4a245c0a54bc7ac0,0,424214815        
3610734,4a245c0a54bc7ac0,0,424214815        
3610938,4a245c0a54bc7ac0,0,424214815        
3611013,4a245c0a54bc7ac0,0,424214815        
3611053,4a245c0a54bc7ac0,0,424214815        
3611221,4a245c0a54bc7ac0,0,424214815        
3611311,4a245c0a54bc7ac0,0,424214815        
3611395,4a245c0a54bc7ac0,0,424214815        
3611512,4a245c0a54bc7ac0,0,424214815        
3611616,4a245c0a54bc7ac0,0,424214815        
3611730,4a245c0a54bc7ac0,0,424214815        
3611795,4a245c0a54bc7ac0,0,424214815        
3611954,4a245c0a54bc7ac0,0,424214815        
3612011,4a245c0a54bc7ac0,0,424214815        
3612098,4a245c0a54bc7ac0,0,424214815        
3612282,4a245c0a54bc7ac0,0,424214815        
3612293,4a245c0a54bc7ac0,0,424214815        
3612380,4a245c0a54bc7ac0,0,424214815        
3612552,4a245c0a54bc7ac0,0,424214815        
3612583,4a245c0a54bc7ac0,0,424214815        
3612672,4a245c0a54bc7ac0,0,424214815        
3612840,4a245c0a54bc7ac0,0,424214815        
3612917,4a245c0a54bc7ac0,0,424214815        
3612978,4a245c0a54bc7ac0,0,424214815        
3613113,4a245c0a54bc7ac0,0,424214815        
3613184,4a245c0a54bc7ac0,0,424214815        
3613261,4a245c0a54bc7ac0,0,424214815        
3613381,4a245c0a54bc7ac0,0,424214815        
3613496,4a245c0a54bc7ac0,0,424214815        
3613580,4a245c0a54bc7ac0,0,424214815        
3613658,4a245c0a54bc7ac0,0,424214815        
3613758,4a245c0a54bc7ac0,0,424214815        
3613875,4a245c0a54bc7ac0,0,424214815        
3613918,4a245c0a54bc7ac0,0,424214815        
3614030,4a245c0a54bc7ac0,0,424214815        
3614176,4a245c0a54bc7ac0,0,424214815        
3614186,4a245c0a54bc7ac0,0,424214815        
3614335,4a245c0a54bc7ac0,0,424214815        
3614461,4a245c0a54bc7ac0,0,424214815        
3614484,4a245c0a54bc7ac0,0,424214815        
3614615,4a245c0a54bc7ac0,0,424214815        
3614926,4a245c0a54bc7ac0,0,424214815        
3617586,c01163f44b9f1cf9,0,21567        
3619719,041daf14b8ccf680,0,267194815        
3620872,61a0a63098e8d1ea,0,102255        
3620872,6b990856517a8ab3,0,99455        
3620884,8a9d0d6104dc0d4d,0,239695        
3625551,041daf14b8ccf680,0,267194815        
3633504,fa8470222ef95a77,0,2614047        
3634310,041daf14b8ccf680,0,267194815        
3638255,f20295351b4b2596,0,1087        
3638798,3b8255e0609a700d,0,1455        
3638935,d7a56ad7b853ec07,0,1951        
3638936,95d363d3fbdc0b03,0,1167        
3639391,8675317af5de1ff7,0,463        
3639432,50c127034577928a,0,109055        
3639443,773e8a04f69a1566,0,1791        
3639469,68752051536dc95d,0,20239        
3639555,4b9b4ea93466e544,0,799        
3640285,8ff3a435bf758e0c,0,1823        
3640539,71df79a0ae1d967b,0,1343        
3640671,dea492d5016288a5,0,927        
3640716,bfc07f9981aa6a5a,0,527        
3641289,b9e4f47b2933a28d,0,2614047        
3641442,5d2e3078db06c2a3,0,959        
3644274,041daf14b8ccf680,0,267194815        
3650697,135e4d804cdbab15,0,356927        
3651019,135e4d804cdbab15,0,356927        
3654224,041daf14b8ccf680,0,267194815        
3664339,041daf14b8ccf680,0,267194815        
3666190,87e9a0abf98021ff,0,20287        
3666359,c0ee377063031437,0,32239        
3666370,c6e417c0902db24f,0,41727        
3667443,057c9b331cbf0d25,0,8799        
3667459,b1bca32c0290b2d9,0,8303        
3667464,5a3c8f1287a68b64,0,8799        
3667546,770a045a5a1bb3fc,0,9183        
3669150,041daf14b8ccf680,0,267194815        
3669302,c01163f44b9f1cf9,0,21567        
3669454,adfaa9f77306de6d,0,18897103        
3673937,30ea18a6ab27e88f,0,808351        
3674947,041daf14b8ccf680,0,267194815        
3675297,49cf1437a0555959,0,31951        
3675300,0d24f164c66d41c7,0,14975        
3675300,30a0a1e2bb8822e2,0,16303        
3675397,da80aa17cf726861,0,18751        
3675415,1b1a5e0859fe0117,0,76463        
3675422,4011fb3def35cca2,0,15519        
3675423,96b869b2af321df1,0,7647        
3675427,4f19977e866d4578,0,15087        
3675427,9d8a45ba7c616ca0,0,11311        
3675447,26a9b36fd760dcba,0,9615        
3675481,a76e33a76ad3e3eb,0,24463        
3676748,f20295351b4b2596,0,1087        
3677215,3b8255e0609a700d,0,1455        
3677217,95d363d3fbdc0b03,0,1167        
3677239,d7a56ad7b853ec07,0,1951        
3677538,7ea74b4e387bbb14,0,808639        
3677587,8675317af5de1ff7,0,463        
3677996,d405c7ba4668c314,0,147199        
3678126,5f13e033949ce86a,0,135071        
3678133,893cf9f8e69d7223,0,136207        
3678143,aa4a2ec35c10cd53,0,164223        
3678172,304730a71af0910a,0,170671        
3678182,7def1cc9eb441978,0,149711        
3678197,a300794d2c980552,0,139791        
3678206,a4e2a717bcbf89f1,0,143807        
3678482,773e8a04f69a1566,0,1791        
3678710,4b9b4ea93466e544,0,799        
3678713,8ff3a435bf758e0c,0,1823        
3678856,71df79a0ae1d967b,0,1343        
3679074,dea492d5016288a5,0,927        
3679128,bfc07f9981aa6a5a,0,527        
3679282,5d2e3078db06c2a3,0,959        
3682447,e378732f58d8de2b,0,607        
3682586,041daf14b8ccf680,0,267194815        
3682867,348b57a99fe90200,0,1391        
3682867,52e95093492246bd,0,527        
3682868,2fec5b2175d94532,0,2223        
3683174,aaa7a7facca999d6,0,18447        
3683178,a5b4c8fb18863453,0,607        
3683196,c4ebee583b06d034,0,783        
3683197,82213d918f99d990,0,943        
3690299,b997efa295c8d1a5,0,356927        
3690740,041daf14b8ccf680,0,267194815        
3691463,df8cc3b402522c47,0,356927        
3694601,870f0aef1a685ecd,0,14655        
3694602,0bdc141615d77561,0,12031        
3694602,a3917dad7a0a5842,0,13743        
3694602,fd789f063efc0fe5,0,15199        
3694606,16e84bdea110079c,0,18175        
3694614,a7937dbf1575dac9,0,211503        
3696478,27e062c2f5d21892,0,822975        
3699277,d1a739a63a995ac2,0,1303759        
3699890,8a608c2092dc2e19,0,703        
3699955,68cc35b83b8ba26a,0,822975        
3700262,7735ab4b841fcb19,0,1103        
3700263,83954019471d047a,0,1791        
3700263,d62a5e46ee422069,0,1535        
3700528,041daf14b8ccf680,0,267194815        
3700528,6eabb0d66b5124bf,0,655        
3700558,ce51c7d3d042d01b,0,815        
3700566,e92496a7f012411d,0,14927        
3700630,86f3cc5bca4dfc98,0,3167        
3700806,d516dbd568cc9930,0,943        
3704701,041daf14b8ccf680,0,267194815        
3706243,d1a739a63a995ac2,0,1303759        
3706856,c01163f44b9f1cf9,0,21567        
3708029,0bdc141615d77561,0,12031        
3708029,fd789f063efc0fe5,0,15199        
3708123,a3917dad7a0a5842,0,13743        
3708124,870f0aef1a685ecd,0,14655        
3708125,16e84bdea110079c,0,18175        
3708140,a7937dbf1575dac9,0,211503        
3708938,36a1b257fa469eb8,0,41727        
3712300,d1a739a63a995ac2,0,1303759        
3712958,6d16b33eb5825855,0,1071        
3713285,6b3530e17f72c2fe,0,623        
3713368,7f96ca4a1db9577a,0,511        
3713386,bb704b31bceac66a,0,1599        
3713597,88dfade5510ee00b,0,591        
3713687,9cbfa950c335ca40,0,1055        
3713700,5b98102b35d22c0e,0,815        
3713837,041daf14b8ccf680,0,267194815        
3713953,ce7cb2714be13b11,0,1327        
3714006,4013180fbce8ee5c,0,655        
3714025,3f8534fc59a08d6a,0,511        
3714278,1d8bf5930494379c,0,511        
3714318,fad910f78a4aad95,0,943        
3714628,d54ab8e073e3deb4,0,527        
3714697,d54ab8e073e3deb4,0,527        
3714981,ddac143e9c430a42,0,2047        
3714983,5a4770687ec5af59,0,1503        
3715078,041bd36bf6371194,0,863        
3715100,5a4770687ec5af59,0,1503        
3715105,ddac143e9c430a42,0,2047        
3715250,041bd36bf6371194,0,863        
3715407,32cbcda1442f8579,0,527        
3715701,79376e954a2ec6db,0,133567        
3715792,a502b330f145440b,0,959        
3720132,041daf14b8ccf680,0,267194815        
3720440,d1a739a63a995ac2,0,1303759        
3721259,8a608c2092dc2e19,0,703        
3721690,7735ab4b841fcb19,0,1103        
3721690,83954019471d047a,0,1791        
3721997,d62a5e46ee422069,0,1535        
3722080,6eabb0d66b5124bf,0,655        
3722094,ce51c7d3d042d01b,0,815        
3722305,86f3cc5bca4dfc98,0,3167        
3722388,d516dbd568cc9930,0,943        
3727065,041daf14b8ccf680,0,267194815        
3730524,68ec15a96c715184,0,1378116287        
3734991,041daf14b8ccf680,0,267194815        
3737605,f20295351b4b2596,0,1087        
3741260,8a608c2092dc2e19,0,703        
3741601,f20295351b4b2596,0,1087        
3741684,83954019471d047a,0,1791        
3741684,d62a5e46ee422069,0,1535        
3741689,7735ab4b841fcb19,0,1103        
3741834,041daf14b8ccf680,0,267194815        
3742025,6eabb0d66b5124bf,0,655        
3742054,e92496a7f012411d,0,14927        
3742083,ce51c7d3d042d01b,0,815        
3742084,95d363d3fbdc0b03,0,1167        
3742085,3b8255e0609a700d,0,1455        
3742087,d7a56ad7b853ec07,0,1951        
3742088,86f3cc5bca4dfc98,0,3167        
3742313,d516dbd568cc9930,0,943        
3742469,8675317af5de1ff7,0,463        
3742485,773e8a04f69a1566,0,1791        
3742518,4b9b4ea93466e544,0,799        
3742824,8ff3a435bf758e0c,0,1823        
3742858,71df79a0ae1d967b,0,1343        
3742943,dea492d5016288a5,0,927        
3743185,bfc07f9981aa6a5a,0,527        
3743292,5d2e3078db06c2a3,0,959        
3744518,f20295351b4b2596,0,1087        
3744910,95d363d3fbdc0b03,0,1167        
3744910,d7a56ad7b853ec07,0,1951        
3744911,3b8255e0609a700d,0,1455        
3745187,8675317af5de1ff7,0,463        
3745251,50c127034577928a,0,109055        
3745255,773e8a04f69a1566,0,1791        
3745296,4b9b4ea93466e544,0,799        
3745299,68752051536dc95d,0,20239        
3745451,8ff3a435bf758e0c,0,1823        
3745513,71df79a0ae1d967b,0,1343        
3746809,dea492d5016288a5,0,927        
3746873,bfc07f9981aa6a5a,0,527        
3746920,5d2e3078db06c2a3,0,959        
3748736,36a1b257fa469eb8,0,41727        
3748738,87e9a0abf98021ff,0,20287        
3748739,be8251c85c6bc89c,0,32255        
3748840,7577dba1c8a330fa,0,37013199        
3748857,041daf14b8ccf680,0,267194815        
3749336,e378732f58d8de2b,0,607        
3749657,348b57a99fe90200,0,1391        
3749657,52e95093492246bd,0,527        
3749659,2fec5b2175d94532,0,2223        
3749978,a5b4c8fb18863453,0,607        
3749979,aaa7a7facca999d6,0,18447        
3749979,c4ebee583b06d034,0,783        
3749991,82213d918f99d990,0,943        
3750902,3b8255e0609a700d,0,1455        
3750910,d7a56ad7b853ec07,0,1951        
3750965,95d363d3fbdc0b03,0,1167        
3751642,68752051536dc95d,0,20239        
3751644,773e8a04f69a1566,0,1791        
3751645,8675317af5de1ff7,0,463        
3751763,50c127034577928a,0,109055        
3751890,4b9b4ea93466e544,0,799        
3753298,8ff3a435bf758e0c,0,1823        
3754658,71df79a0ae1d967b,0,1343        
3756292,c01163f44b9f1cf9,0,21567        
3756394,f20295351b4b2596,0,1087        
3756684,3b8255e0609a700d,0,1455        
3756769,d7a56ad7b853ec07,0,1951        
3756786,95d363d3fbdc0b03,0,1167        
3756918,8675317af5de1ff7,0,463        
3756966,773e8a04f69a1566,0,1791        
3756985,50c127034577928a,0,109055        
3757038,4b9b4ea93466e544,0,799        
3757117,8ff3a435bf758e0c,0,1823        
3757180,71df79a0ae1d967b,0,1343        
3757284,dea492d5016288a5,0,927        
3757359,bfc07f9981aa6a5a,0,527        
3757458,5d2e3078db06c2a3,0,959        
3757657,041daf14b8ccf680,0,267194815        
3763585,dea492d5016288a5,0,927        
3764402,5d2e3078db06c2a3,0,959        
3764402,bfc07f9981aa6a5a,0,527        
3765613,041daf14b8ccf680,0,267194815        
3772693,041daf14b8ccf680,0,267194815        
3772847,f20295351b4b2596,0,1087        
3772905,0d3748eee50edc2d,0,607        
3773253,3b8255e0609a700d,0,1455        
3773255,d7a56ad7b853ec07,0,1951        
3773259,95d363d3fbdc0b03,0,1167        
3773443,29a69af99d6d98f9,0,671        
3773459,108d1f9ae20738b2,0,2671        
3773462,58acbdbb11933759,0,2111        
3773568,8675317af5de1ff7,0,463        
3773583,68752051536dc95d,0,20239        
3773583,773e8a04f69a1566,0,1791        
3773615,50c127034577928a,0,109055        
3773763,4b9b4ea93466e544,0,799        
3773828,fcd1faaa085304d2,0,8159        
3773840,8ff3a435bf758e0c,0,1823        
3773878,3bf59cc42869bae5,0,2287        
3773887,71df79a0ae1d967b,0,1343        
3773892,5f186640eee3d3f0,0,1759        
3774062,d6eb80470a9218dc,0,927        
3774079,dea492d5016288a5,0,927        
3774120,bfc07f9981aa6a5a,0,527        
3774237,5d2e3078db06c2a3,0,959        
3775062,adfaa9f77306de6d,0,18897103        
3775842,87e9a0abf98021ff,0,20287        
3775842,be8251c85c6bc89c,0,32255        
3777510,87ac9d62b1439961,0,1378116287        
3777839,f20295351b4b2596,0,1087        
3778140,d7a56ad7b853ec07,0,1951        
3778143,95d363d3fbdc0b03,0,1167        
3778144,3b8255e0609a700d,0,1455        
3778441,8675317af5de1ff7,0,463        
3778456,68752051536dc95d,0,20239        
3778468,773e8a04f69a1566,0,1791        
3778473,4b9b4ea93466e544,0,799        
3778738,8ff3a435bf758e0c,0,1823        
3778968,50c127034577928a,0,109055        
3778979,71df79a0ae1d967b,0,1343        
3778994,dea492d5016288a5,0,927        
3779023,bfc07f9981aa6a5a,0,527        
3780535,5d2e3078db06c2a3,0,959        
3780803,041daf14b8ccf680,0,267194815        
3781167,ee53c84b14400801,0,14733967        
3786141,041daf14b8ccf680,0,267194815        
3789352,c01163f44b9f1cf9,0,21567        
3790376,041daf14b8ccf680,0,267194815        
3790554,c01163f44b9f1cf9,0,21567        
3796764,0bdc141615d77561,0,12031        
3796765,a3917dad7a0a5842,0,13743        
3796772,870f0aef1a685ecd,0,14655        
3796863,a7937dbf1575dac9,0,211503        
3796876,16e84bdea110079c,0,18175        
3797071,fd789f063efc0fe5,0,15199        
3797102,f20295351b4b2596,0,1087        
3797602,e398758ca99d54b9,0,2795775        
3797660,3b8255e0609a700d,0,1455        
3797661,d7a56ad7b853ec07,0,1951        
3797669,95d363d3fbdc0b03,0,1167        
3798001,11279f0aab3e5a3f,0,1378116287        
3798133,8675317af5de1ff7,0,463        
3798142,68752051536dc95d,0,20239        
3798143,773e8a04f69a1566,0,1791        
3798276,50c127034577928a,0,109055        
3798288,4b9b4ea93466e544,0,799        
3798434,cc291bfbd46ca5e8,0,1378116287        
3798499,8ff3a435bf758e0c,0,1823        
3798499,f20295351b4b2596,0,1087        
3798522,71df79a0ae1d967b,0,1343        
3798599,041daf14b8ccf680,0,267194815        
3798806,3b8255e0609a700d,0,1455        
3798806,d7a56ad7b853ec07,0,1951        
3798807,95d363d3fbdc0b03,0,1167        
3799107,8675317af5de1ff7,0,463        
3799118,773e8a04f69a1566,0,1791        
3799305,dea492d5016288a5,0,927        
3799325,bfc07f9981aa6a5a,0,527        
3799359,5d2e3078db06c2a3,0,959        
3799691,5670580f3ca65ea6,0,2795807        
3799756,4b9b4ea93466e544,0,799        
3799761,71df79a0ae1d967b,0,1343        
3800058,8ff3a435bf758e0c,0,1823        
3800086,dea492d5016288a5,0,927        
3800105,bfc07f9981aa6a5a,0,527        
3800368,5d2e3078db06c2a3,0,959        
3807337,041daf14b8ccf680,0,267194815        
3813595,041daf14b8ccf680,0,267194815        
3817676,36a1b257fa469eb8,0,41727        
3818532,4428818cf54d2de6,0,335        
3818765,4428818cf54d2de6,0,335        
3819278,07bbfdaf075ef9e7,0,943        
3819279,cdbc07bb4a7a79e5,0,1503        
3819283,a9260bfa000acaff,0,591        
3819316,a9260bfa000acaff,0,591        
3819515,cdbc07bb4a7a79e5,0,1503        
3819577,07bbfdaf075ef9e7,0,943        
3819668,d7962aaf8c64a84a,0,7647        
3819973,041daf14b8ccf680,0,267194815        
3826276,2a0b371659dde625,0,83439        
3827321,041daf14b8ccf680,0,267194815        
3827461,0bdc141615d77561,0,12031        
3827549,a3917dad7a0a5842,0,13743        
3827558,16e84bdea110079c,0,18175        
3827558,fd789f063efc0fe5,0,15199        
3827584,a7937dbf1575dac9,0,211503        
3827585,870f0aef1a685ecd,0,14655        
3829106,64b6edec586a5b81,0,607        
3829614,1df98ee887d02c4c,0,671        
3829617,ecaa1c2f150b4061,0,1439        
3829619,24f077474ddbbb9b,0,2143        
3830007,a0bb80d6da9a0e93,0,1759        
3830011,581c20c3966543aa,0,8815        
3830019,fa36769d2e57bd7c,0,1999        
3830022,93aabc2b974694c5,0,799        
3833446,36a1b257fa469eb8,0,41727        
3833447,87e9a0abf98021ff,0,20287        
3833455,be8251c85c6bc89c,0,32255        
3833882,041daf14b8ccf680,0,267194815        
3843899,041daf14b8ccf680,0,267194815        
3844218,6d16b33eb5825855,0,1071        
3844717,bb704b31bceac66a,0,1599        
3844885,6b3530e17f72c2fe,0,623        
3844899,7f96ca4a1db9577a,0,511        
3845028,88dfade5510ee00b,0,591        
3845160,9cbfa950c335ca40,0,1055        
3845189,5b98102b35d22c0e,0,815        
3845193,e0ae31d607dfce20,0,415        
3845306,ce7cb2714be13b11,0,1327        
3845473,4013180fbce8ee5c,0,655        
3845526,3f8534fc59a08d6a,0,511        
3845608,1d8bf5930494379c,0,511        
3845692,2c54c3b175fa0bf6,0,511        
3845705,61a94658b708eefd,0,575        
3845724,7496e467ad6cfde2,0,1087        
3845750,fad910f78a4aad95,0,943        
3845872,e0ae31d607dfce20,0,415        
3846387,61a94658b708eefd,0,575        
3846409,2c54c3b175fa0bf6,0,511        
3846415,7496e467ad6cfde2,0,1087        
3846443,7496e467ad6cfde2,0,1087        
3846448,2c54c3b175fa0bf6,0,511        
3846461,61a94658b708eefd,0,575        
3846520,8a608c2092dc2e19,0,703        
3846721,10208d4ca1d777eb,0,7599        
3846783,05d69ade11856359,0,959        
3846975,7735ab4b841fcb19,0,1103        
3846980,83954019471d047a,0,1791        
3846982,d62a5e46ee422069,0,1535        
3847323,6eabb0d66b5124bf,0,655        
3847341,e92496a7f012411d,0,14927        
3847349,ce51c7d3d042d01b,0,815        
3847353,86f3cc5bca4dfc98,0,3167        
3847658,d516dbd568cc9930,0,943        
3848450,adfaa9f77306de6d,0,18897103        
3850877,041daf14b8ccf680,0,267194815        
3852822,c01163f44b9f1cf9,0,21567        
3856180,64b6edec586a5b81,0,607        
3856694,1df98ee887d02c4c,0,671        
3856709,24f077474ddbbb9b,0,2143        
3856734,ecaa1c2f150b4061,0,1439        
3857094,581c20c3966543aa,0,8815        
3857098,a0bb80d6da9a0e93,0,1759        
3857164,fa36769d2e57bd7c,0,1999        
3857185,93aabc2b974694c5,0,799        
3858507,041daf14b8ccf680,0,267194815        
3862701,041daf14b8ccf680,0,267194815        
3867487,041daf14b8ccf680,0,267194815        
3871311,13fd29bd213f4768,0,607        
3875558,041daf14b8ccf680,0,267194815        
3877339,c9044cb78eb5fa84,0,607        
3877750,ad45079fe1ad7a7a,0,3039        
3877831,6b8dc3a91c90c2f9,0,2927        
3877833,626c86afd41e9662,0,751        
3878047,1a703538210572f9,0,4991        
3878123,42294de845ac9d9b,0,1983        
3878143,a0f27ae258a14290,0,8127        
3878220,71045297fcccd631,0,1759        
3881822,c4079188c6fc5428,0,607        
3882124,041daf14b8ccf680,0,267194815        
3886705,041daf14b8ccf680,0,267194815        
3888447,66bd7946c0f43e64,0,2431        
3888447,ba6a77ddfec6a269,0,2271        
3888451,786162e849a92abb,0,687        
3888864,bc055425895a7f48,0,1951        
3888867,546b6cb96006e5bf,0,7647        
3888890,2947368a49f4e528,0,591        
3888893,2f0fa4352f326172,0,1247        
3889810,c01163f44b9f1cf9,0,21567        
3892008,a3917dad7a0a5842,0,13743        
3892009,870f0aef1a685ecd,0,14655        
3892010,fd789f063efc0fe5,0,15199        
3892100,a7937dbf1575dac9,0,211503        
3892164,0bdc141615d77561,0,12031        
3892177,16e84bdea110079c,0,18175        
3894746,041daf14b8ccf680,0,267194815        
3898046,2c5f40eede3ceb5e,0,1631        
3898049,6a451b99ab3f8e48,0,687        
3898051,adcee7928bf68316,0,1871        
3898443,b6619ab32e98c94e,0,7647        
3898453,04bc66776de16501,0,1471        
3898470,641047ed0b612123,0,671        
3898483,6cccd5b1ed68977f,0,1199        
3903804,041daf14b8ccf680,0,267194815        
3912731,041daf14b8ccf680,0,267194815        
3914650,ee53c84b14400801,0,14733967        
3915166,c12681b67538df8e,0,5681855        
3916980,aeb15893042dbccb,0,9519        
3917061,c01163f44b9f1cf9,0,21567        
3917170,041daf14b8ccf680,0,267194815        
3918151,a71f3acc7d222b2d,0,159        
3918494,dabac42df1224047,0,4143        
3922118,041daf14b8ccf680,0,267194815        
3922231,30a0a1e2bb8822e2,0,16303        
3922237,0d24f164c66d41c7,0,14975        
3922308,49cf1437a0555959,0,31951        
3922313,da80aa17cf726861,0,18751        
3922349,26a9b36fd760dcba,0,9615        
3922356,1b1a5e0859fe0117,0,76463        
3922369,4011fb3def35cca2,0,15519        
3922373,9d8a45ba7c616ca0,0,11311        
3922384,4f19977e866d4578,0,15087        
3922391,96b869b2af321df1,0,7647        
3922395,a76e33a76ad3e3eb,0,24463        
3925564,041daf14b8ccf680,0,267194815        
3934948,c01163f44b9f1cf9,0,21567        
3935791,041daf14b8ccf680,0,267194815        
3937245,6d16b33eb5825855,0,1071        
3937684,6b3530e17f72c2fe,0,623        
3937685,bb704b31bceac66a,0,1599        
3937728,7f96ca4a1db9577a,0,511        
3937968,88dfade5510ee00b,0,591        
3938007,9cbfa950c335ca40,0,1055        
3938045,5b98102b35d22c0e,0,815        
3938244,ce7cb2714be13b11,0,1327        
3938328,4013180fbce8ee5c,0,655        
3938370,3f8534fc59a08d6a,0,511        
3938554,1d8bf5930494379c,0,511        
3938616,fad910f78a4aad95,0,943        
3939344,041daf14b8ccf680,0,267194815        
3939739,f20295351b4b2596,0,1087        
3940169,d7a56ad7b853ec07,0,1951        
3940170,3b8255e0609a700d,0,1455        
3940174,95d363d3fbdc0b03,0,1167        
3940618,68752051536dc95d,0,20239        
3940622,50c127034577928a,0,109055        
3940626,8675317af5de1ff7,0,463        
3940627,773e8a04f69a1566,0,1791        
3940628,4b9b4ea93466e544,0,799        
3940978,8ff3a435bf758e0c,0,1823        
3940992,71df79a0ae1d967b,0,1343        
3941028,dea492d5016288a5,0,927        
3941623,bfc07f9981aa6a5a,0,527        
3941646,5d2e3078db06c2a3,0,959        
3944111,a71f3acc7d222b2d,0,159        
3944519,dabac42df1224047,0,4143        
3946726,041daf14b8ccf680,0,267194815        
3951822,cd094c0d02ff1ef2,0,361039        
3951954,041daf14b8ccf680,0,267194815        
3952385,c01163f44b9f1cf9,0,21567        
3952845,1e47fc0a5a825fcd,0,139487        
3952928,ff4d87e598ce9db1,0,257455        
3952988,801d419ef4974ca1,0,4895        
3958017,6d16b33eb5825855,0,1071        
3958342,6b3530e17f72c2fe,0,623        
3958344,bb704b31bceac66a,0,1599        
3958345,7f96ca4a1db9577a,0,511        
3958407,d1a739a63a995ac2,0,1303759        
3958661,88dfade5510ee00b,0,591        
3958663,9cbfa950c335ca40,0,1055        
3958675,5b98102b35d22c0e,0,815        
3958971,ce7cb2714be13b11,0,1327        
3958980,4013180fbce8ee5c,0,655        
3959004,3f8534fc59a08d6a,0,511        
3959284,1d8bf5930494379c,0,511        
3959294,fad910f78a4aad95,0,943        
3961237,7dcd4784b6913b35,0,719        
3961638,67e2e325cf677240,0,975        
3961650,2c5e9eda0097ea79,0,959        
3961654,834e7e122f74378f,0,351        
3961988,764092e3600d8b55,0,32719        
3961989,bb9c6e8c85a55c5f,0,927        
3961994,82dd8134b9901fb9,0,26143        
3962091,89509dd114d9a60d,0,1055        
3962106,e132ca4957edda90,0,895        
3962121,041daf14b8ccf680,0,267194815        
3962320,7e9b1668a95fa735,0,831        
3962323,110ff28361b2f81e,0,30463        
3962384,d9bd392afd8081ec,0,936575        
3962396,3e50051b1af71ea7,0,36575        
3962427,e1ee5bdbdc44968d,0,25327        
3962687,1af6ab8d0d492bae,0,157151        
3962893,7c86bf1460bfb5fd,0,248719        
3963120,7ff0be07909224d6,0,382396799        
3968689,7ff0be07909224d6,0,382396799        
3971186,8a608c2092dc2e19,0,703        
3971637,83954019471d047a,0,1791        
3971716,7735ab4b841fcb19,0,1103        
3971785,d62a5e46ee422069,0,1535        
3971976,6eabb0d66b5124bf,0,655        
3972088,ce51c7d3d042d01b,0,815        
3972121,86f3cc5bca4dfc98,0,3167        
3972309,d516dbd568cc9930,0,943        
3977552,7ff0be07909224d6,0,382396799        
3986524,7ff0be07909224d6,0,382396799        
3991781,7ff0be07909224d6,0,382396799        
3992592,d1a739a63a995ac2,0,1303759        
3992922,c01163f44b9f1cf9,0,21567        
3993389,0bdc141615d77561,0,12031        
3993476,fd789f063efc0fe5,0,15199        
3993484,16e84bdea110079c,0,18175        
3993485,870f0aef1a685ecd,0,14655        
3993489,a7937dbf1575dac9,0,211503        
3993501,a3917dad7a0a5842,0,13743        
4001352,7ff0be07909224d6,0,382396799        
4004028,2be9bce098addf9b,0,799        
4004377,53d025996bcdad9a,0,1471        
4004383,9a651754d0abc803,0,1823        
4004387,0892d773d978a5f9,0,879        
4004659,79376e954a2ec6db,0,133567        
4004679,6d3484bca62e0843,0,1295        
4004681,8b6052584ff4dd04,0,527        
4004690,95d087af923afc96,0,2543        
4004955,86c2df1457121836,0,959        
4004969,952cc8e92df72ff7,0,431        
4005735,0bdc141615d77561,0,12031        
4005736,fd789f063efc0fe5,0,15199        
4005739,a3917dad7a0a5842,0,13743        
4005822,16e84bdea110079c,0,18175        
4005890,870f0aef1a685ecd,0,14655        
4005908,a7937dbf1575dac9,0,211503        
4006242,c01163f44b9f1cf9,0,21567        
4006858,a3917dad7a0a5842,0,13743        
4006859,fd789f063efc0fe5,0,15199        
4006860,0bdc141615d77561,0,12031        
4006860,870f0aef1a685ecd,0,14655        
4006862,16e84bdea110079c,0,18175        
4006954,a7937dbf1575dac9,0,211503        
4007176,c01163f44b9f1cf9,0,21567        
4009895,7ff0be07909224d6,0,382396799        
4018690,8a608c2092dc2e19,0,703        
4019078,7ff0be07909224d6,0,382396799        
4019135,7735ab4b841fcb19,0,1103        
4019137,d62a5e46ee422069,0,1535        
4019142,83954019471d047a,0,1791        
4019481,6eabb0d66b5124bf,0,655        
4019483,ce51c7d3d042d01b,0,815        
4019500,86f3cc5bca4dfc98,0,3167        
4019812,d516dbd568cc9930,0,943        
4024402,7ff0be07909224d6,0,382396799        
4025342,c9044cb78eb5fa84,0,607        
4025758,6b8dc3a91c90c2f9,0,2927        
4025758,ad45079fe1ad7a7a,0,3039        
4025759,626c86afd41e9662,0,751        
4026057,1a703538210572f9,0,4991        
4026106,42294de845ac9d9b,0,1983        
4026132,71045297fcccd631,0,1759        
4030026,7ff0be07909224d6,0,382396799        
4037147,7ff0be07909224d6,0,382396799        
4038971,5f9e91210fce7f14,0,607        
4039394,04fd71d2e606b433,0,2415        
4039394,85130a19b4900e29,0,4015        
4039394,ecbed7ecffa39e06,0,719        
4039690,c51a933d1d83d659,0,3279        
4039702,3584c6f835e25141,0,1471        
4039714,e4604c72ea885dca,0,8127        
4039747,626e47ea9f8489dc,0,1615        
4046075,7ff0be07909224d6,0,382396799        
4050986,7ff0be07909224d6,0,382396799        
4055044,3859d021b57be328,0,607        
4055457,731d4c61ca911f23,0,2927        
4055459,4141423cd971a4a7,0,687        
4055486,501795002228fd5d,0,1791        
4055757,a99f536942855adf,0,1407        
4055787,d9616a6eed99f368,0,7487        
4055801,bac9571eda8d1afc,0,2431        
4055814,8f19e6b27ceb6980,0,1151        
4057247,7ff0be07909224d6,0,382396799        
4060365,f20295351b4b2596,0,1087        
4060742,3b8255e0609a700d,0,1455        
4060828,95d363d3fbdc0b03,0,1167        
4060832,d7a56ad7b853ec07,0,1951        
4061062,68752051536dc95d,0,20239        
4061067,8675317af5de1ff7,0,463        
4061256,50c127034577928a,0,109055        
4061258,4b9b4ea93466e544,0,799        
4061261,773e8a04f69a1566,0,1791        
4061464,8ff3a435bf758e0c,0,1823        
4061613,71df79a0ae1d967b,0,1343        
4061617,dea492d5016288a5,0,927        
4061778,bfc07f9981aa6a5a,0,527        
4061929,5d2e3078db06c2a3,0,959        
4064183,c01163f44b9f1cf9,0,21567        
4064525,0bdc141615d77561,0,12031        
4064528,fd789f063efc0fe5,0,15199        
4064545,a3917dad7a0a5842,0,13743        
4064630,870f0aef1a685ecd,0,14655        
4064654,a7937dbf1575dac9,0,211503        
4064674,16e84bdea110079c,0,18175        
4066115,7ff0be07909224d6,0,382396799        
4073064,f53ea82d1c5e37f1,0,87535        
4075093,7ff0be07909224d6,0,382396799        
4080039,3859d021b57be328,0,607        
4080470,4141423cd971a4a7,0,687        
4080470,501795002228fd5d,0,1791        
4080471,731d4c61ca911f23,0,2927        
4080789,a99f536942855adf,0,1407        
4080789,bac9571eda8d1afc,0,2431        
4080815,8f19e6b27ceb6980,0,1151        
4082960,7ff0be07909224d6,0,382396799        
4083910,c01163f44b9f1cf9,0,21567        
4084919,fd789f063efc0fe5,0,15199        
4084924,0bdc141615d77561,0,12031        
4084924,870f0aef1a685ecd,0,14655        
4084926,a3917dad7a0a5842,0,13743        
4084933,16e84bdea110079c,0,18175        
4084950,a7937dbf1575dac9,0,211503        
4090245,7ff0be07909224d6,0,382396799        
4097957,7ff0be07909224d6,0,382396799        
4099003,c824f5634cbf6291,0,607        
4099451,2d3070562e3420eb,0,2319        
4099452,79f5eb92dfef5c1e,0,719        
4099479,29701a7554328d58,0,3071        
4099748,7f4877865700076c,0,4543        
4099761,1c142bae7f8db863,0,1887        
4099771,4b0be2977ad27719,0,8127        
4099793,242b3540a0d6db29,0,863        
4104705,7ff0be07909224d6,0,382396799        
4105570,c12681b67538df8e,0,5681855        
4106124,0d24f164c66d41c7,0,14975        
4106128,1b1a5e0859fe0117,0,76463        
4106128,49cf1437a0555959,0,31951        
4106142,30a0a1e2bb8822e2,0,16303        
4106171,da80aa17cf726861,0,18751        
4106265,4f19977e866d4578,0,15087        
4106273,9d8a45ba7c616ca0,0,11311        
4106286,4011fb3def35cca2,0,15519        
4106313,96b869b2af321df1,0,7647        
4106322,a76e33a76ad3e3eb,0,24463        
4106350,26a9b36fd760dcba,0,9615        
4110294,7ff0be07909224d6,0,382396799        
4110310,f20295351b4b2596,0,1087        
4110854,3b8255e0609a700d,0,1455        
4110864,d7a56ad7b853ec07,0,1951        
4110868,95d363d3fbdc0b03,0,1167        
4111381,8675317af5de1ff7,0,463        
4111383,68752051536dc95d,0,20239        
4111392,773e8a04f69a1566,0,1791        
4111436,50c127034577928a,0,109055        
4111441,4b9b4ea93466e544,0,799        
4111713,8ff3a435bf758e0c,0,1823        
4111783,71df79a0ae1d967b,0,1343        
4111839,dea492d5016288a5,0,927        
4112091,bfc07f9981aa6a5a,0,527        
4112179,5d2e3078db06c2a3,0,959        
4114928,c01163f44b9f1cf9,0,21567        
4115614,0bdc141615d77561,0,12031        
4115703,fd789f063efc0fe5,0,15199        
4115716,a3917dad7a0a5842,0,13743        
4115717,16e84bdea110079c,0,18175        
4115723,870f0aef1a685ecd,0,14655        
4115744,a7937dbf1575dac9,0,211503        
4117811,7ff0be07909224d6,0,382396799        
4120460,ee53c84b14400801,0,14733967        
4120792,aeb15893042dbccb,0,9519        
4120954,8965c9f614fcefe0,0,151151        
4120962,1156fe30a3dd644f,0,137599        
4120970,e8a08096c90eefa2,0,129503        
4120973,7f92f68e00286bca,0,131599        
4120974,e2db317e8d7b3e88,0,111199        
4120979,d6ff6c79a73d053a,0,170399        
4120982,09609b3420ce4135,0,105535        
4120983,377436cdb5079afc,0,144319        
4120991,eb58eb9e7cf962a0,0,11599        
4120995,cf70af7475325d2b,0,142879        
4121001,e3a5c8234c6b0ee3,0,154143        
4121070,8a3997ef22297a5c,0,144319        
4121078,be1b17339d65da3b,0,109951        
4121082,0613b134b2d9fe64,0,108159        
4123192,7ff0be07909224d6,0,382396799        
4126970,7ff0be07909224d6,0,382396799        
4130062,f20295351b4b2596,0,1087        
4130268,3b8255e0609a700d,0,1455        
4130273,d7a56ad7b853ec07,0,1951        
4130290,95d363d3fbdc0b03,0,1167        
4130497,773e8a04f69a1566,0,1791        
4130500,8675317af5de1ff7,0,463        
4130545,4b9b4ea93466e544,0,799        
4130706,71df79a0ae1d967b,0,1343        
4130712,8ff3a435bf758e0c,0,1823        
4130774,dea492d5016288a5,0,927        
4130921,bfc07f9981aa6a5a,0,527        
4130983,5d2e3078db06c2a3,0,959        
4133046,7ff0be07909224d6,0,382396799        
4136382,0bdc141615d77561,0,12031        
4136382,fd789f063efc0fe5,0,15199        
4136387,870f0aef1a685ecd,0,14655        
4136387,a3917dad7a0a5842,0,13743        
4136393,16e84bdea110079c,0,18175        
4136398,a7937dbf1575dac9,0,211503        
4136826,7ff0be07909224d6,0,382396799        
4140191,7ff0be07909224d6,0,382396799        
4141326,2a0b371659dde625,0,83439        
4142253,c01163f44b9f1cf9,0,21567        
4142604,0bdc141615d77561,0,12031        
4142683,870f0aef1a685ecd,0,14655        
4142686,fd789f063efc0fe5,0,15199        
4142692,a7937dbf1575dac9,0,211503        
4142706,16e84bdea110079c,0,18175        
4142708,a3917dad7a0a5842,0,13743        
4143506,7ff0be07909224d6,0,382396799        
4147970,7ff0be07909224d6,0,382396799        
4151528,8a608c2092dc2e19,0,703        
4151956,7735ab4b841fcb19,0,1103        
4152096,83954019471d047a,0,1791        
4152110,d62a5e46ee422069,0,1535        
4152247,6eabb0d66b5124bf,0,655        
4152344,ce51c7d3d042d01b,0,815        
4152378,86f3cc5bca4dfc98,0,3167        
4152504,d516dbd568cc9930,0,943        
4155640,7ff0be07909224d6,0,382396799        
4160063,7ff0be07909224d6,0,382396799        
4164842,7ff0be07909224d6,0,382396799        
4169272,21b5c626185d8bef,0,13199        
4169527,fbb0426d01d9cf07,0,13663        
4173492,7ff0be07909224d6,0,382396799        
4180906,7ff0be07909224d6,0,382396799        
4181014,c01163f44b9f1cf9,0,21567        
4181331,c6c30e8d616ca861,0,3250559        
4182098,ee53c84b14400801,0,14733967        
4182601,0bdc141615d77561,0,12031        
4182601,a3917dad7a0a5842,0,13743        
4182603,870f0aef1a685ecd,0,14655        
4182603,fd789f063efc0fe5,0,15199        
4182604,16e84bdea110079c,0,18175        
4182606,a7937dbf1575dac9,0,211503        
4183515,c6c30e8d616ca861,0,3250559        
4183599,c6c30e8d616ca861,0,3250559        
4186634,7ff0be07909224d6,0,382396799        
4188535,eefdfe4d90f52ba7,0,1503071        
4191787,c01163f44b9f1cf9,0,21567        
4194562,7ff0be07909224d6,0,382396799        
4194955,c01163f44b9f1cf9,0,21567        
4199365,8a608c2092dc2e19,0,703        
4199647,83954019471d047a,0,1791        
4199652,d62a5e46ee422069,0,1535        
4199653,7735ab4b841fcb19,0,1103        
4199907,6eabb0d66b5124bf,0,655        
4199908,e92496a7f012411d,0,14927        
4199923,ce51c7d3d042d01b,0,815        
4199949,86f3cc5bca4dfc98,0,3167        
4200202,d516dbd568cc9930,0,943        
4202702,6d16b33eb5825855,0,1071        
4203173,6b3530e17f72c2fe,0,623        
4203184,7f96ca4a1db9577a,0,511        
4203192,bb704b31bceac66a,0,1599        
4203482,88dfade5510ee00b,0,591        
4203532,9cbfa950c335ca40,0,1055        
4203586,5b98102b35d22c0e,0,815        
4203607,7ff0be07909224d6,0,382396799        
4203800,ce7cb2714be13b11,0,1327        
4203871,4013180fbce8ee5c,0,655        
4203918,3f8534fc59a08d6a,0,511        
4204119,1d8bf5930494379c,0,511        
4204151,fad910f78a4aad95,0,943        
4206599,7ff0be07909224d6,0,382396799        
4209864,7ff0be07909224d6,0,382396799        
4210185,8a608c2092dc2e19,0,703        
4210572,d62a5e46ee422069,0,1535        
4210579,7735ab4b841fcb19,0,1103        
4210579,83954019471d047a,0,1791        
4210847,6eabb0d66b5124bf,0,655        
4210847,e92496a7f012411d,0,14927        
4210885,ce51c7d3d042d01b,0,815        
4210976,86f3cc5bca4dfc98,0,3167        
4211260,d516dbd568cc9930,0,943        
4213297,7ff0be07909224d6,0,382396799        
4213547,f20295351b4b2596,0,1087        
4218252,7ff0be07909224d6,0,382396799        
4222384,7ff0be07909224d6,0,382396799        
4227442,7ff0be07909224d6,0,382396799        
4227528,1e6f01c6aa141b6f,0,1644143        
4227804,d7a56ad7b853ec07,0,1951        
4227892,3b8255e0609a700d,0,1455        
4227902,95d363d3fbdc0b03,0,1167        
4228362,8675317af5de1ff7,0,463        
4228391,68752051536dc95d,0,20239        
4228417,50c127034577928a,0,109055        
4228486,4b9b4ea93466e544,0,799        
4228509,773e8a04f69a1566,0,1791        
4228764,8ff3a435bf758e0c,0,1823        
4229294,bfc07f9981aa6a5a,0,527        
4229296,dea492d5016288a5,0,927        
4229310,71df79a0ae1d967b,0,1343        
4229559,5d2e3078db06c2a3,0,959        
4230567,7ff0be07909224d6,0,382396799        
4234330,e398758ca99d54b9,0,2795775        
4241110,7ff0be07909224d6,0,382396799        
4243064,2125809f30d3498f,0,77439        
4248285,7ff0be07909224d6,0,382396799        
4250109,c01163f44b9f1cf9,0,21567        
4250580,16e84bdea110079c,0,18175        
4250582,a7937dbf1575dac9,0,211503        
4250586,870f0aef1a685ecd,0,14655        
4250670,a3917dad7a0a5842,0,13743        
4250683,fd789f063efc0fe5,0,15199        
4250729,0bdc141615d77561,0,12031        
4253359,c01163f44b9f1cf9,0,21567        
4253880,0bdc141615d77561,0,12031        
4254014,870f0aef1a685ecd,0,14655        
4254014,fd789f063efc0fe5,0,15199        
4254035,16e84bdea110079c,0,18175        
4254042,a3917dad7a0a5842,0,13743        
4254060,a7937dbf1575dac9,0,211503        
4257161,7ff0be07909224d6,0,382396799        
4261455,7ff0be07909224d6,0,382396799        
4263657,a7937dbf1575dac9,0,211503        
4263679,16e84bdea110079c,0,18175        
4263681,870f0aef1a685ecd,0,14655        
4268842,7ff0be07909224d6,0,382396799        
4270385,8a608c2092dc2e19,0,703        
4270802,83954019471d047a,0,1791        
4270808,7735ab4b841fcb19,0,1103        
4270808,d62a5e46ee422069,0,1535        
4271070,6eabb0d66b5124bf,0,655        
4271096,ce51c7d3d042d01b,0,815        
4271120,86f3cc5bca4dfc98,0,3167        
4271323,d516dbd568cc9930,0,943        
4271832,8a608c2092dc2e19,0,703        
4272329,d62a5e46ee422069,0,1535        
4272442,7735ab4b841fcb19,0,1103        
4272517,83954019471d047a,0,1791        
4272606,7ff0be07909224d6,0,382396799        
4275219,e92496a7f012411d,0,14927        
4275232,ce51c7d3d042d01b,0,815        
4275243,6eabb0d66b5124bf,0,655        
4275341,86f3cc5bca4dfc98,0,3167        
4276489,f20295351b4b2596,0,1087        
4276788,95d363d3fbdc0b03,0,1167        
4276792,3b8255e0609a700d,0,1455        
4276792,d7a56ad7b853ec07,0,1951        
4277069,50c127034577928a,0,109055        
4277078,8675317af5de1ff7,0,463        
4277181,68752051536dc95d,0,20239        
4277182,773e8a04f69a1566,0,1791        
4277326,4b9b4ea93466e544,0,799        
4277403,8ff3a435bf758e0c,0,1823        
4277718,71df79a0ae1d967b,0,1343        
4277742,dea492d5016288a5,0,927        
4277746,bfc07f9981aa6a5a,0,527        
4278006,5d2e3078db06c2a3,0,959        
4278879,7ff0be07909224d6,0,382396799        
4280140,2f1501b8202630d4,0,12543        
4281021,cfc9c0dc94e31c88,0,23103        
4281427,c01163f44b9f1cf9,0,21567        
4281621,d516dbd568cc9930,0,943        
4284356,0d3748eee50edc2d,0,607        
4284629,29a69af99d6d98f9,0,671        
4284638,108d1f9ae20738b2,0,2671        
4284639,58acbdbb11933759,0,2111        
4284905,3bf59cc42869bae5,0,2287        
4284909,fcd1faaa085304d2,0,8159        
4284925,d6eb80470a9218dc,0,927        
4284928,5f186640eee3d3f0,0,1759        
4285113,c01163f44b9f1cf9,0,21567        
4285669,2f1501b8202630d4,0,12543        
4287069,7ff0be07909224d6,0,382396799        
4287797,2f1501b8202630d4,0,12543        
4290178,2f1501b8202630d4,0,12543        
4290843,7ff0be07909224d6,0,382396799        
4294649,7ff0be07909224d6,0,382396799        
4295398,e378732f58d8de2b,0,607        
4295781,2fec5b2175d94532,0,2223        
4295790,52e95093492246bd,0,527        
4295844,348b57a99fe90200,0,1391        
4296837,a5b4c8fb18863453,0,607        
4296848,c4ebee583b06d034,0,783        
4296890,aaa7a7facca999d6,0,18447        
4296895,82213d918f99d990,0,943        
4299977,7ff0be07909224d6,0,382396799        
4300374,c01163f44b9f1cf9,0,21567        
4304728,5f9e91210fce7f14,0,607        
4305100,85130a19b4900e29,0,4015        
4305101,ecbed7ecffa39e06,0,719        
4305109,04fd71d2e606b433,0,2415        
4305336,c51a933d1d83d659,0,3279        
4305344,3584c6f835e25141,0,1471        
4305351,e4604c72ea885dca,0,8127        
4305373,626e47ea9f8489dc,0,1615        
4307822,c01163f44b9f1cf9,0,21567        
4308644,f20295351b4b2596,0,1087        
4308864,7ff0be07909224d6,0,382396799        
4308934,95d363d3fbdc0b03,0,1167        
4308940,d7a56ad7b853ec07,0,1951        
4308944,3b8255e0609a700d,0,1455        
4309209,8675317af5de1ff7,0,463        
4309236,68752051536dc95d,0,20239        
4309252,4b9b4ea93466e544,0,799        
4309263,773e8a04f69a1566,0,1791        
4309312,50c127034577928a,0,109055        
4309374,2125809f30d3498f,0,77439        
4309462,8ff3a435bf758e0c,0,1823        
4309626,71df79a0ae1d967b,0,1343        
4309632,dea492d5016288a5,0,927        
4309713,bfc07f9981aa6a5a,0,527        
4310104,449b7706704a240c,0,8767        
4310207,449b7706704a240c,0,8767        
4310413,5d2e3078db06c2a3,0,959        
4315321,7ff0be07909224d6,0,382396799        
4320899,f20295351b4b2596,0,1087        
4324468,7ff0be07909224d6,0,382396799        
4324597,d7a56ad7b853ec07,0,1951        
4324678,3b8255e0609a700d,0,1455        
4324748,95d363d3fbdc0b03,0,1167        
4325163,8675317af5de1ff7,0,463        
4325357,773e8a04f69a1566,0,1791        
4325358,68752051536dc95d,0,20239        
4326371,4b9b4ea93466e544,0,799        
4326642,50c127034577928a,0,109055        
4327130,8ff3a435bf758e0c,0,1823        
4327445,71df79a0ae1d967b,0,1343        
4327513,7ff0be07909224d6,0,382396799        
4327616,dea492d5016288a5,0,927        
4327635,bfc07f9981aa6a5a,0,527        
4328010,5d2e3078db06c2a3,0,959        
4331377,c01163f44b9f1cf9,0,21567        
4331724,fd789f063efc0fe5,0,15199        
4331727,0bdc141615d77561,0,12031        
4331729,870f0aef1a685ecd,0,14655        
4331730,a3917dad7a0a5842,0,13743        
4331731,16e84bdea110079c,0,18175        
4331850,a7937dbf1575dac9,0,211503        
4332369,7ff0be07909224d6,0,382396799        
4340466,7ff0be07909224d6,0,382396799        
4344252,7ff0be07909224d6,0,382396799        
4347861,c01163f44b9f1cf9,0,21567        
4348004,0bdc141615d77561,0,12031        
4348021,a3917dad7a0a5842,0,13743        
4348030,fd789f063efc0fe5,0,15199        
4348040,870f0aef1a685ecd,0,14655        
4348042,16e84bdea110079c,0,18175        
4348068,a7937dbf1575dac9,0,211503        
4348705,7ff0be07909224d6,0,382396799        
4349076,f20295351b4b2596,0,1087        
4349386,95d363d3fbdc0b03,0,1167        
4349387,3b8255e0609a700d,0,1455        
4349391,d7a56ad7b853ec07,0,1951        
4349576,68752051536dc95d,0,20239        
4349584,8675317af5de1ff7,0,463        
4349610,50c127034577928a,0,109055        
4349619,773e8a04f69a1566,0,1791        
4349635,4b9b4ea93466e544,0,799        
4349755,8ff3a435bf758e0c,0,1823        
4349781,71df79a0ae1d967b,0,1343        
4349882,dea492d5016288a5,0,927        
4349916,bfc07f9981aa6a5a,0,527        
4350010,5d2e3078db06c2a3,0,959        
4350261,d71061abd5c889ff,0,26015        
4351895,cfc9c0dc94e31c88,0,23103        
4352729,c01163f44b9f1cf9,0,21567        
4353466,cfc9c0dc94e31c88,0,23103        
4354013,cfc9c0dc94e31c88,0,23103        
4354505,7ff0be07909224d6,0,382396799        
4358991,dd94c3ac551ba430,0,171919        
4360618,c01163f44b9f1cf9,0,21567        
4360660,c3a0f3aa35802a60,0,648975        
4362850,7ff0be07909224d6,0,382396799        
4369868,5dafd576d6956a2b,0,2622783        
4369996,7ff0be07909224d6,0,382396799        
4372191,f42395462590be96,0,2622783        
4373998,7ff0be07909224d6,0,382396799        
4379677,c01163f44b9f1cf9,0,21567        
4379928,a7937dbf1575dac9,0,211503        
4380062,16e84bdea110079c,0,18175        
4380067,fd789f063efc0fe5,0,15199        
4380080,870f0aef1a685ecd,0,14655        
4380080,a3917dad7a0a5842,0,13743        
4380082,0bdc141615d77561,0,12031        
4380978,5dafd576d6956a2b,0,2622783        
4383424,7ff0be07909224d6,0,382396799        
4386599,c01163f44b9f1cf9,0,21567        
4386870,7ff0be07909224d6,0,382396799        
4387309,d3116df1021d6946,0,2622783        
4387756,0bdc141615d77561,0,12031        
4387844,870f0aef1a685ecd,0,14655        
4387845,fd789f063efc0fe5,0,15199        
4387862,a3917dad7a0a5842,0,13743        
4387864,16e84bdea110079c,0,18175        
4387867,a7937dbf1575dac9,0,211503        
4390415,7ff0be07909224d6,0,382396799        
4397919,7ff0be07909224d6,0,382396799        
4399316,4d722fa4f7074110,0,613823        
4399499,c94c94cddba0ff6e,0,36287        
4399501,91d62dd427566223,0,65759        
4399507,6ecc8c148c912848,0,11743        
4399914,4d722fa4f7074110,0,613823        
4400511,e1ea29a48825daff,0,613823        
4401159,c01163f44b9f1cf9,0,21567        
4401424,18a25787e1ee12b7,0,613823        
4404134,0bdc141615d77561,0,12031        
4404217,a3917dad7a0a5842,0,13743        
4404218,16e84bdea110079c,0,18175        
4404221,870f0aef1a685ecd,0,14655        
4404240,fd789f063efc0fe5,0,15199        
4404243,a7937dbf1575dac9,0,211503        
4405605,7ff0be07909224d6,0,382396799        
4408439,e7afa3b463d835d7,0,1016111        
4411859,a5cb2a8f640ddc6b,0,1016111        
4414185,7ff0be07909224d6,0,382396799        
4418434,811aa2ae3eee374d,0,35548479        
4420208,7ff0be07909224d6,0,382396799        
4420381,92ebd681e18eda4d,0,8671        
4420431,868eb5749bcecf84,0,239440351        
4420596,f20295351b4b2596,0,1087        
4420623,2a8458aceecf234a,0,20175        
4421062,3b8255e0609a700d,0,1455        
4421067,d7a56ad7b853ec07,0,1951        
4421069,95d363d3fbdc0b03,0,1167        
4421447,50c127034577928a,0,109055        
4421449,68752051536dc95d,0,20239        
4421450,4b9b4ea93466e544,0,799        
4421465,8675317af5de1ff7,0,463        
4421483,773e8a04f69a1566,0,1791        
4421731,d7e232b87c5a4b10,0,9023        
4421746,9451c4097cd5ca29,0,37999        
4421759,8ff3a435bf758e0c,0,1823        
4421787,71df79a0ae1d967b,0,1343        
4421816,dea492d5016288a5,0,927        
4422217,bfc07f9981aa6a5a,0,527        
4422246,5d2e3078db06c2a3,0,959        
4426110,811aa2ae3eee374d,0,35548479        
4427360,868eb5749bcecf84,0,239440351        
4427447,811aa2ae3eee374d,0,35548479        
4427724,afbf01a4c4427c41,0,150959        
4428076,471f96551b5dcbcf,0,177823        
4428091,b1931d234db705fb,0,127695        
4428093,76c23f87830a9294,0,160175        
4428112,07bdf752aa9f1239,0,102639        
4428129,d825f816c8b2599b,0,174319        
4428131,0b5460741e92c1c6,0,166879        
4428246,a0e7315187a03a28,0,157759        
4428400,818138504325ae6c,0,159391        
4434517,868eb5749bcecf84,0,239440351        
4441132,868eb5749bcecf84,0,239440351        
4444177,cc25262cad919ce3,0,879        
4444607,0eea2d7e367ad4c8,0,2047        
4444696,d400c4754b5bb542,0,335        
4444718,575806325f53a71b,0,1327        
4444964,a559d3857bd58449,0,20399        
4444964,dc323528a65de643,0,1087        
4445052,91a336ed0ae241bf,0,783        
4445157,3355505b696fbd60,0,1359        
4445282,830c79fdba92eff6,0,1087        
4445423,811448eddf65a953,0,719        
4445469,868eb5749bcecf84,0,239440351        
4445492,23328fc86c17bb11,0,975        
4449133,868eb5749bcecf84,0,239440351        
4452385,c01163f44b9f1cf9,0,21567        
4452991,868eb5749bcecf84,0,239440351        
4456129,c01163f44b9f1cf9,0,21567        
4456215,870f0aef1a685ecd,0,14655        
4456220,0bdc141615d77561,0,12031        
4456221,a3917dad7a0a5842,0,13743        
4456224,fd789f063efc0fe5,0,15199        
4456226,a7937dbf1575dac9,0,211503        
4456234,16e84bdea110079c,0,18175        
4457858,c01163f44b9f1cf9,0,21567        
4460097,0d3748eee50edc2d,0,607        
4460590,58acbdbb11933759,0,2111        
4460591,29a69af99d6d98f9,0,671        
4460654,868eb5749bcecf84,0,239440351        
4461009,5f186640eee3d3f0,0,1759        
4461010,108d1f9ae20738b2,0,2671        
4461021,3bf59cc42869bae5,0,2287        
4461349,d6eb80470a9218dc,0,927        
4462774,f20295351b4b2596,0,1087        
4463171,3b8255e0609a700d,0,1455        
4463171,95d363d3fbdc0b03,0,1167        
4463177,d7a56ad7b853ec07,0,1951        
4463472,68752051536dc95d,0,20239        
4463490,8675317af5de1ff7,0,463        
4463508,50c127034577928a,0,109055        
4463519,773e8a04f69a1566,0,1791        
4463625,4b9b4ea93466e544,0,799        
4463778,8ff3a435bf758e0c,0,1823        
4463795,71df79a0ae1d967b,0,1343        
4463988,dea492d5016288a5,0,927        
4464086,bfc07f9981aa6a5a,0,527        
4464140,5d2e3078db06c2a3,0,959        
4464852,2624de8096ee4fe3,0,20547903        
4465954,c01163f44b9f1cf9,0,21567        
4466389,f20295351b4b2596,0,1087        
4466656,a3917dad7a0a5842,0,13743        
4466657,0bdc141615d77561,0,12031        
4466658,fd789f063efc0fe5,0,15199        
4466659,16e84bdea110079c,0,18175        
4466659,870f0aef1a685ecd,0,14655        
4466670,a7937dbf1575dac9,0,211503        
4466858,3b8255e0609a700d,0,1455        
4466861,d7a56ad7b853ec07,0,1951        
4466862,95d363d3fbdc0b03,0,1167        
4466922,2624de8096ee4fe3,0,20547903        
4467237,2624de8096ee4fe3,0,20547903        
4467533,2624de8096ee4fe3,0,20547903        
4467593,773e8a04f69a1566,0,1791        
4467637,50c127034577928a,0,109055        
4467644,4b9b4ea93466e544,0,799        
4467671,68752051536dc95d,0,20239        
4467685,8675317af5de1ff7,0,463        
4467850,2624de8096ee4fe3,0,20547903        
4467890,8ff3a435bf758e0c,0,1823        
4468008,71df79a0ae1d967b,0,1343        
4468012,dea492d5016288a5,0,927        
4468079,87f5e80fc01b33d8,0,56783327        
4468248,bfc07f9981aa6a5a,0,527        
4468304,5d2e3078db06c2a3,0,959        
4468465,87f5e80fc01b33d8,0,56783327        
4468579,6d16b33eb5825855,0,1071        
4468777,87f5e80fc01b33d8,0,56783327        
4468902,868eb5749bcecf84,0,239440351        
4469034,bb704b31bceac66a,0,1599        
4469035,6b3530e17f72c2fe,0,623        
4469038,7f96ca4a1db9577a,0,511        
4469112,87f5e80fc01b33d8,0,56783327        
4469356,88dfade5510ee00b,0,591        
4469382,9cbfa950c335ca40,0,1055        
4469401,5b98102b35d22c0e,0,815        
4469420,87f5e80fc01b33d8,0,56783327        
4469633,ce7cb2714be13b11,0,1327        
4469692,4013180fbce8ee5c,0,655        
4469719,87f5e80fc01b33d8,0,56783327        
4469735,3f8534fc59a08d6a,0,511        
4469964,1d8bf5930494379c,0,511        
4469997,fad910f78a4aad95,0,943        
4470003,87f5e80fc01b33d8,0,56783327        
4470274,87f5e80fc01b33d8,0,56783327        
