timestamp_ms,requestType,filename,offsetStart,offsetEnd
0,read,8,0,1023
0,read,8,0,1023
0,read,17,0,1023
0,read,12,0,1023
0,read,0,0,1023
0,read,12,0,1023
0,read,8,0,1023
0,read,7,0,1023
0,read,4,0,1023
0,read,0,0,1023
0,read,7,0,1023
0,read,4,0,1023
0,read,19,0,1023
0,read,8,0,1023
0,read,8,0,1023
0,read,17,0,1023
0,read,19,0,1023
0,read,8,0,1023
0,read,19,0,1023
0,read,7,0,1023
0,read,4,0,1023
0,read,5,0,1023
0,read,5,0,1023
0,read,7,0,1023
0,read,0,0,1023
0,read,19,0,1023
0,read,7,0,1023
0,read,15,0,1023
0,read,17,0,1023
0,read,19,0,1023
0,read,19,0,1023
0,read,19,0,1023
0,read,19,0,1023
0,read,17,0,1023
0,read,1,0,1023
0,read,14,0,1023
0,read,19,0,1023
0,read,0,0,1023
0,read,5,0,1023
0,read,5,0,1023
0,read,12,0,1023
0,read,5,0,1023
0,read,17,0,1023
0,read,12,0,1023
0,read,19,0,1023
0,read,8,0,1023
0,read,14,0,1023
0,read,0,0,1023
0,read,0,0,1023
0,read,5,0,1023
0,read,0,0,1023
0,read,15,0,1023
0,read,5,0,1023
0,read,5,0,1023
0,read,0,0,1023
0,read,5,0,1023
0,read,0,0,1023
0,read,7,0,1023
0,read,7,0,1023
0,read,14,0,1023
0,read,17,0,1023
0,read,19,0,1023
0,read,17,0,1023
0,read,0,0,1023
0,read,17,0,1023
0,read,12,0,1023
0,read,14,0,1023
0,read,17,0,1023
0,read,19,0,1023
0,read,12,0,1023
0,read,8,0,1023
0,read,0,0,1023
0,read,4,0,1023
0,read,7,0,1023
0,read,4,0,1023
0,read,17,0,1023
0,read,12,0,1023
0,read,4,0,1023
0,read,12,0,1023
0,read,5,0,1023
0,read,0,0,1023
0,read,15,0,1023
0,read,17,0,1023
0,read,19,0,1023
0,read,12,0,1023
0,read,19,0,1023
0,read,0,0,1023
0,read,12,0,1023
0,read,15,0,1023
0,read,17,0,1023
0,read,12,0,1023
0,read,0,0,1023
0,read,12,0,1023
0,read,12,0,1023
0,read,7,0,1023
0,read,0,0,1023
0,read,5,0,1023
0,read,8,0,1023
0,read,7,0,1023
0,read,14,0,1023
0,read,7,0,1023
0,read,8,0,1023
0,read,15,0,1023
0,read,8,0,1023
0,read,15,0,1023
0,read,9,0,1023
0,read,4,0,1023
0,read,9,0,1023
0,read,0,0,1023
0,read,15,0,1023
0,read,6,0,1023
0,read,8,0,1023
0,read,11,0,1023
0,read,4,0,1023
0,read,6,0,1023
0,read,15,0,1023
0,read,5,0,1023
0,read,9,0,1023
0,read,0,0,1023
0,read,15,0,1023
0,read,8,0,1023
0,read,15,0,1023
0,read,11,0,1023
0,read,11,0,1023
0,read,6,0,1023
0,read,15,0,1023
0,read,0,0,1023
0,read,8,0,1023
0,read,5,0,1023
0,read,11,0,1023
0,read,1,0,1023
0,read,9,0,1023
0,read,15,0,1023
0,read,5,0,1023
0,read,6,0,1023
0,read,5,0,1023
0,read,18,0,1023
0,read,9,0,1023
0,read,18,0,1023
0,read,4,0,1023
0,read,14,0,1023
0,read,6,0,1023
0,read,12,0,1023
0,read,11,0,1023
0,read,8,0,1023
0,read,8,0,1023
0,read,7,0,1023
0,read,19,0,1023
0,read,15,0,1023
0,read,12,0,1023
0,read,6,0,1023
0,read,11,0,1023
0,read,0,0,1023
0,read,12,0,1023
0,read,0,0,1023
0,read,5,0,1023
0,read,0,0,1023
0,read,0,0,1023
0,read,16,0,1023
0,read,5,0,1023
0,read,15,0,1023
0,read,0,0,1023
0,read,18,0,1023
0,read,18,0,1023
0,read,8,0,1023
0,read,5,0,1023
0,read,6,0,1023
0,read,18,0,1023
0,read,5,0,1023
0,read,5,0,1023
0,read,5,0,1023
0,read,6,0,1023
0,read,0,0,1023
0,read,5,0,1023
0,read,0,0,1023
0,read,11,0,1023
0,read,4,0,1023
0,read,9,0,1023
0,read,0,0,1023
0,read,0,0,1023
0,read,5,0,1023
0,read,5,0,1023
0,read,6,0,1023
0,read,5,0,1023
0,read,8,0,1023
0,read,8,0,1023
0,read,0,0,1023
0,read,6,0,1023
0,read,5,0,1023
0,read,15,0,1023
0,read,5,0,1023
0,read,12,0,1023
0,read,5,0,1023
0,read,15,0,1023
0,read,5,0,1023
0,read,4,0,1023
0,read,18,0,1023
0,read,4,0,1023
0,read,0,0,1023
0,read,6,0,1023
0,read,1,0,1023
0,read,15,0,1023
0,read,11,0,1023
0,read,15,0,1023
0,read,10,0,1023
0,read,10,0,1023
0,read,10,0,1023
0,read,11,0,1023
0,read,10,0,1023
0,read,2,0,1023
0,read,19,0,1023
0,read,7,0,1023
0,read,11,0,1023
0,read,9,0,1023
0,read,3,0,1023
0,read,17,0,1023
0,read,19,0,1023
0,read,11,0,1023
0,read,2,0,1023
0,read,17,0,1023
0,read,15,0,1023
0,read,11,0,1023
0,read,11,0,1023
0,read,19,0,1023
0,read,10,0,1023
0,read,7,0,1023
0,read,11,0,1023
0,read,7,0,1023
0,read,3,0,1023
0,read,9,0,1023
0,read,18,0,1023
0,read,7,0,1023
0,read,2,0,1023
0,read,15,0,1023
0,read,1,0,1023
0,read,17,0,1023
0,read,16,0,1023
0,read,10,0,1023
0,read,2,0,1023
0,read,13,0,1023
0,read,14,0,1023
0,read,11,0,1023
0,read,17,0,1023
0,read,11,0,1023
0,read,9,0,1023
0,read,7,0,1023
0,read,7,0,1023
0,read,3,0,1023
0,read,15,0,1023
0,read,11,0,1023
0,read,9,0,1023
0,read,7,0,1023
0,read,19,0,1023
0,read,10,0,1023
0,read,1,0,1023
0,read,7,0,1023
0,read,9,0,1023
0,read,1,0,1023
0,read,19,0,1023
0,read,14,0,1023
0,read,2,0,1023
0,read,14,0,1023
0,read,7,0,1023
0,read,11,0,1023
0,read,3,0,1023
0,read,19,0,1023
0,read,17,0,1023
0,read,15,0,1023
0,read,19,0,1023
0,read,1,0,1023
0,read,9,0,1023
0,read,2,0,1023
0,read,17,0,1023
0,read,1,0,1023
0,read,10,0,1023
0,read,17,0,1023
0,read,11,0,1023
0,read,9,0,1023
0,read,19,0,1023
0,read,17,0,1023
0,read,17,0,1023
0,read,15,0,1023
0,read,15,0,1023
0,read,7,0,1023
0,read,2,0,1023
0,read,10,0,1023
0,read,3,0,1023
0,read,17,0,1023
0,read,1,0,1023
0,read,17,0,1023
0,read,15,0,1023
0,read,10,0,1023
0,read,9,0,1023
0,read,11,0,1023
0,read,7,0,1023
0,read,3,0,1023
0,read,9,0,1023
0,read,1,0,1023
0,read,7,0,1023
0,read,1,0,1023
0,read,12,0,1023
0,read,12,0,1023
0,read,16,0,1023
0,read,8,0,1023
0,read,12,0,1023
0,read,17,0,1023
0,read,14,0,1023
0,read,5,0,1023
0,read,10,0,1023
0,read,14,0,1023
0,read,8,0,1023
0,read,5,0,1023
0,read,6,0,1023
0,read,14,0,1023
0,read,5,0,1023
0,read,7,0,1023
0,read,10,0,1023
0,read,18,0,1023
0,read,17,0,1023
0,read,5,0,1023
0,read,5,0,1023
0,read,6,0,1023
0,read,5,0,1023
0,read,18,0,1023
0,read,16,0,1023
0,read,12,0,1023
0,read,10,0,1023
0,read,4,0,1023
0,read,14,0,1023
0,read,12,0,1023
0,read,14,0,1023
0,read,15,0,1023
0,read,14,0,1023
0,read,8,0,1023
0,read,17,0,1023
0,read,18,0,1023
0,read,8,0,1023
0,read,12,0,1023
0,read,16,0,1023
0,read,8,0,1023
0,read,8,0,1023
0,read,6,0,1023
0,read,1,0,1023
0,read,14,0,1023
0,read,10,0,1023
0,read,5,0,1023
0,read,14,0,1023
0,read,16,0,1023
0,read,8,0,1023
0,read,1,0,1023
0,read,12,0,1023
0,read,0,0,1023
0,read,1,0,1023
0,read,12,0,1023
0,read,6,0,1023
0,read,5,0,1023
0,read,6,0,1023
0,read,1,0,1023
0,read,17,0,1023
0,read,15,0,1023
0,read,16,0,1023
0,read,12,0,1023
0,read,16,0,1023
1,read,6,0,1023
1,read,17,0,1023
1,read,14,0,1023
1,read,6,0,1023
1,read,6,0,1023
1,read,14,0,1023
1,read,1,0,1023
1,read,1,0,1023
1,read,5,0,1023
1,read,12,0,1023
1,read,1,0,1023
1,read,12,0,1023
1,read,16,0,1023
1,read,10,0,1023
1,read,1,0,1023
1,read,18,0,1023
1,read,16,0,1023
1,read,6,0,1023
1,read,17,0,1023
1,read,18,0,1023
1,read,10,0,1023
1,read,12,0,1023
1,read,16,0,1023
1,read,12,0,1023
1,read,14,0,1023
1,read,14,0,1023
1,read,1,0,1023
1,read,1,0,1023
1,read,6,0,1023
1,read,17,0,1023
1,read,8,0,1023
1,read,5,0,1023
1,read,12,0,1023
1,read,18,0,1023
1,read,16,0,1023
1,read,10,0,1023
1,read,18,0,1023
1,read,17,0,1023
1,read,3,0,1023
1,read,11,0,1023
1,read,11,0,1023
1,read,5,0,1023
1,read,19,0,1023
1,read,3,0,1023
1,read,19,0,1023
1,read,11,0,1023
1,read,8,0,1023
1,read,8,0,1023
1,read,0,0,1023
1,read,2,0,1023
1,read,8,0,1023
1,read,4,0,1023
1,read,3,0,1023
1,read,14,0,1023
1,read,0,0,1023
1,read,14,0,1023
1,read,8,0,1023
1,read,19,0,1023
1,read,0,0,1023
1,read,4,0,1023
1,read,3,0,1023
1,read,11,0,1023
1,read,4,0,1023
1,read,19,0,1023
1,read,9,0,1023
1,read,8,0,1023
1,read,0,0,1023
1,read,9,0,1023
1,read,9,0,1023
1,read,0,0,1023
1,read,11,0,1023
1,read,0,0,1023
1,read,14,0,1023
1,read,19,0,1023
1,read,3,0,1023
1,read,17,0,1023
1,read,0,0,1023
1,read,14,0,1023
1,read,18,0,1023
1,read,4,0,1023
1,read,4,0,1023
1,read,8,0,1023
1,read,18,0,1023
1,read,14,0,1023
1,read,3,0,1023
1,read,9,0,1023
1,read,14,0,1023
1,read,3,0,1023
1,read,18,0,1023
1,read,9,0,1023
1,read,3,0,1023
1,read,10,0,1023
1,read,8,0,1023
1,read,18,0,1023
1,read,14,0,1023
1,read,4,0,1023
1,read,18,0,1023
1,read,5,0,1023
1,read,3,0,1023
1,read,17,0,1023
1,read,9,0,1023
1,read,4,0,1023
1,read,9,0,1023
1,read,4,0,1023
1,read,11,0,1023
1,read,19,0,1023
1,read,14,0,1023
1,read,11,0,1023
1,read,4,0,1023
1,read,17,0,1023
1,read,8,0,1023
1,read,0,0,1023
1,read,14,0,1023
1,read,18,0,1023
1,read,17,0,1023
1,read,9,0,1023
1,read,8,0,1023
1,read,4,0,1023
1,read,17,0,1023
1,read,15,0,1023
1,read,3,0,1023
1,read,3,0,1023
1,read,9,0,1023
1,read,11,0,1023
1,read,4,0,1023
1,read,3,0,1023
1,read,4,0,1023
1,read,4,0,1023
1,read,0,0,1023
1,read,0,0,1023
1,read,18,0,1023
1,read,14,0,1023
1,read,18,0,1023
1,read,14,0,1023
1,read,4,0,1023
1,read,11,0,1023
1,read,4,0,1023
